Divipola,capacidad,precio,x_ij
5001,19344.0,38439846.0,"[0.0, 8.0]"
5002,1074.0,3111202.75,"[1.0, 0.0]"
5004,1074.0,3111202.75,"[1.0, 0.0]"
5021,1074.0,3111202.75,"[1.0, 0.0]"
5030,1074.0,3111202.75,"[1.0, 0.0]"
5031,1074.0,3111202.75,"[1.0, 0.0]"
5034,1074.0,3111202.75,"[1.0, 0.0]"
5036,1074.0,3111202.75,"[1.0, 0.0]"
5038,1074.0,3111202.75,"[1.0, 0.0]"
5040,1074.0,3111202.75,"[1.0, 0.0]"
15832,1074.0,3111202.75,"[1.0, 0.0]"
5044,1074.0,3111202.75,"[1.0, 0.0]"
5045,3093.12,3000000.0,Arrendar
5051,1074.0,3111202.75,"[1.0, 0.0]"
5055,1074.0,3111202.75,"[1.0, 0.0]"
5059,1074.0,3111202.75,"[1.0, 0.0]"
5079,1423.0500000000002,1950000.0,Arrendar
5088,4836.0,9609961.5,"[0.0, 2.0]"
5091,1074.0,3111202.75,"[1.0, 0.0]"
5093,1074.0,3111202.75,"[1.0, 0.0]"
5101,1074.0,3111202.75,"[1.0, 0.0]"
5107,1074.0,3111202.75,"[1.0, 0.0]"
5113,1074.0,3111202.75,"[1.0, 0.0]"
5120,1074.0,3111202.75,"[1.0, 0.0]"
5125,1074.0,3111202.75,"[1.0, 0.0]"
5129,4027.5,2250000.0,Arrendar
5134,1074.0,3111202.75,"[1.0, 0.0]"
5138,1074.0,3111202.75,"[1.0, 0.0]"
5142,1074.0,3111202.75,"[1.0, 0.0]"
5145,1074.0,3111202.75,"[1.0, 0.0]"
5147,1074.0,3111202.75,"[1.0, 0.0]"
15476,1074.0,3111202.75,"[1.0, 0.0]"
5150,1074.0,3111202.75,"[1.0, 0.0]"
5154,1074.0,3111202.75,"[1.0, 0.0]"
5172,1074.0,3111202.75,"[1.0, 0.0]"
5190,1074.0,3111202.75,"[1.0, 0.0]"
5197,1074.0,3111202.75,"[1.0, 0.0]"
5206,1074.0,3111202.75,"[1.0, 0.0]"
5209,1074.0,3111202.75,"[1.0, 0.0]"
5212,1074.0,3111202.75,"[1.0, 0.0]"
5234,1074.0,3111202.75,"[1.0, 0.0]"
5237,1074.0,3111202.75,"[1.0, 0.0]"
5240,1074.0,3111202.75,"[1.0, 0.0]"
5250,1074.0,3111202.75,"[1.0, 0.0]"
5264,1074.0,3111202.75,"[1.0, 0.0]"
5266,2418.0,4804980.75,"[0.0, 1.0]"
5282,1074.0,3111202.75,"[1.0, 0.0]"
23675,1074.0,3111202.75,"[1.0, 0.0]"
5306,1074.0,3111202.75,"[1.0, 0.0]"
5308,1074.0,3111202.75,"[1.0, 0.0]"
5310,1074.0,3111202.75,"[1.0, 0.0]"
27361,1074.0,3111202.75,"[1.0, 0.0]"
5315,1074.0,3111202.75,"[1.0, 0.0]"
5318,1074.0,3111202.75,"[1.0, 0.0]"
5321,1074.0,3111202.75,"[1.0, 0.0]"
5347,1074.0,3111202.75,"[1.0, 0.0]"
5353,1074.0,3111202.75,"[1.0, 0.0]"
5360,3492.0,7916183.5,"[1.0, 1.0]"
5361,1074.0,3111202.75,"[1.0, 0.0]"
5086,1074.0,3111202.75,"[1.0, 0.0]"
5368,1074.0,3111202.75,"[1.0, 0.0]"
5376,1074.0,3111202.75,"[1.0, 0.0]"
5380,1074.0,3111202.75,"[1.0, 0.0]"
5390,1074.0,3111202.75,"[1.0, 0.0]"
5400,1074.0,3111202.75,"[1.0, 0.0]"
5411,1074.0,3111202.75,"[1.0, 0.0]"
5425,1074.0,3111202.75,"[1.0, 0.0]"
5440,1074.0,3111202.75,"[1.0, 0.0]"
5467,1074.0,3111202.75,"[1.0, 0.0]"
5475,1074.0,3111202.75,"[1.0, 0.0]"
5480,1074.0,3111202.75,"[1.0, 0.0]"
5483,1074.0,3111202.75,"[1.0, 0.0]"
5490,1074.0,3111202.75,"[1.0, 0.0]"
5495,1074.0,3111202.75,"[1.0, 0.0]"
5501,1074.0,3111202.75,"[1.0, 0.0]"
5541,1074.0,3111202.75,"[1.0, 0.0]"
5543,1074.0,3111202.75,"[1.0, 0.0]"
5576,1074.0,3111202.75,"[1.0, 0.0]"
5579,1074.0,3111202.75,"[1.0, 0.0]"
5585,1074.0,3111202.75,"[1.0, 0.0]"
5591,1074.0,3111202.75,"[1.0, 0.0]"
5604,1074.0,3111202.75,"[1.0, 0.0]"
5607,1074.0,3111202.75,"[1.0, 0.0]"
5615,2418.0,4804980.75,"[0.0, 1.0]"
5628,1074.0,3111202.75,"[1.0, 0.0]"
5631,1074.0,3111202.75,"[1.0, 0.0]"
5642,1074.0,3111202.75,"[1.0, 0.0]"
15189,1074.0,3111202.75,"[1.0, 0.0]"
52699,1074.0,3111202.75,"[1.0, 0.0]"
5652,1074.0,3111202.75,"[1.0, 0.0]"
5656,1074.0,3111202.75,"[1.0, 0.0]"
68575,1074.0,3111202.75,"[1.0, 0.0]"
68573,1074.0,3111202.75,"[1.0, 0.0]"
5660,1074.0,3111202.75,"[1.0, 0.0]"
5664,1074.0,3111202.75,"[1.0, 0.0]"
5667,1074.0,3111202.75,"[1.0, 0.0]"
5670,1074.0,3111202.75,"[1.0, 0.0]"
5674,1074.0,3111202.75,"[1.0, 0.0]"
5679,1074.0,3111202.75,"[1.0, 0.0]"
5690,1074.0,3111202.75,"[1.0, 0.0]"
5697,1074.0,3111202.75,"[1.0, 0.0]"
5736,1074.0,3111202.75,"[1.0, 0.0]"
5761,1074.0,3111202.75,"[1.0, 0.0]"
50370,1074.0,3111202.75,"[1.0, 0.0]"
5789,1074.0,3111202.75,"[1.0, 0.0]"
5790,1074.0,3111202.75,"[1.0, 0.0]"
5792,1074.0,3111202.75,"[1.0, 0.0]"
5809,1074.0,3111202.75,"[1.0, 0.0]"
5819,1074.0,3111202.75,"[1.0, 0.0]"
5837,2418.0,4804980.75,"[0.0, 1.0]"
5842,1074.0,3111202.75,"[1.0, 0.0]"
5847,1074.0,3111202.75,"[1.0, 0.0]"
5854,1074.0,3111202.75,"[1.0, 0.0]"
5856,1074.0,3111202.75,"[1.0, 0.0]"
5858,1074.0,3111202.75,"[1.0, 0.0]"
5861,1074.0,3111202.75,"[1.0, 0.0]"
5885,1074.0,3111202.75,"[1.0, 0.0]"
5887,1074.0,3111202.75,"[1.0, 0.0]"
5890,1074.0,3111202.75,"[1.0, 0.0]"
5893,1074.0,3111202.75,"[1.0, 0.0]"
5895,1074.0,3111202.75,"[1.0, 0.0]"
8001,15320.61,20561073.25,Arrendar
8078,1074.0,3111202.75,"[1.0, 0.0]"
8141,1074.0,3111202.75,"[1.0, 0.0]"
8296,1074.0,3111202.75,"[1.0, 0.0]"
8421,1074.0,3111202.75,"[1.0, 0.0]"
8433,20137.500000000004,1875000.0,Arrendar
8436,1074.0,3111202.75,"[1.0, 0.0]"
8549,1074.0,3111202.75,"[1.0, 0.0]"
8558,1074.0,3111202.75,"[1.0, 0.0]"
8634,1074.0,3111202.75,"[1.0, 0.0]"
8638,1074.0,3111202.75,"[1.0, 0.0]"
8675,1074.0,3111202.75,"[1.0, 0.0]"
8685,1074.0,3111202.75,"[1.0, 0.0]"
8758,4836.0,9609961.5,"[0.0, 2.0]"
8770,1074.0,3111202.75,"[1.0, 0.0]"
8832,1074.0,3111202.75,"[1.0, 0.0]"
8849,1074.0,3111202.75,"[1.0, 0.0]"
13006,1074.0,3111202.75,"[1.0, 0.0]"
13042,1074.0,3111202.75,"[1.0, 0.0]"
13052,1074.0,3111202.75,"[1.0, 0.0]"
13062,1372.0350000000003,1777840.0,Arrendar
13140,1074.0,3111202.75,"[1.0, 0.0]"
13160,1074.0,3111202.75,"[1.0, 0.0]"
13188,1074.0,3111202.75,"[1.0, 0.0]"
13212,1074.0,3111202.75,"[1.0, 0.0]"
13222,1074.0,3111202.75,"[1.0, 0.0]"
13248,1074.0,3111202.75,"[1.0, 0.0]"
13430,2418.0,4804980.75,"[0.0, 1.0]"
13433,1074.0,3111202.75,"[1.0, 0.0]"
13440,1074.0,3111202.75,"[1.0, 0.0]"
13458,1074.0,3111202.75,"[1.0, 0.0]"
13468,1074.0,3111202.75,"[1.0, 0.0]"
13473,1074.0,3111202.75,"[1.0, 0.0]"
13490,1074.0,3111202.75,"[1.0, 0.0]"
13549,1074.0,3111202.75,"[1.0, 0.0]"
13580,1074.0,3111202.75,"[1.0, 0.0]"
13600,1074.0,3111202.75,"[1.0, 0.0]"
13647,1074.0,3111202.75,"[1.0, 0.0]"
13650,1074.0,3111202.75,"[1.0, 0.0]"
13657,1074.0,3111202.75,"[1.0, 0.0]"
13673,1074.0,3111202.75,"[1.0, 0.0]"
13683,1074.0,3111202.75,"[1.0, 0.0]"
13744,1074.0,3111202.75,"[1.0, 0.0]"
13760,1074.0,3111202.75,"[1.0, 0.0]"
13780,1074.0,3111202.75,"[1.0, 0.0]"
13810,1074.0,3111202.75,"[1.0, 0.0]"
13836,1074.0,3111202.75,"[1.0, 0.0]"
13838,1074.0,3111202.75,"[1.0, 0.0]"
13873,1074.0,3111202.75,"[1.0, 0.0]"
15001,2418.0,4804980.75,"[0.0, 1.0]"
15022,1074.0,3111202.75,"[1.0, 0.0]"
15047,1074.0,3111202.75,"[1.0, 0.0]"
15051,1074.0,3111202.75,"[1.0, 0.0]"
15090,1074.0,3111202.75,"[1.0, 0.0]"
15092,1074.0,3111202.75,"[1.0, 0.0]"
15097,1074.0,3111202.75,"[1.0, 0.0]"
15104,1074.0,3111202.75,"[1.0, 0.0]"
15106,1074.0,3111202.75,"[1.0, 0.0]"
15109,1074.0,3111202.75,"[1.0, 0.0]"
15114,1074.0,3111202.75,"[1.0, 0.0]"
15131,1074.0,3111202.75,"[1.0, 0.0]"
15135,1074.0,3111202.75,"[1.0, 0.0]"
15162,1074.0,3111202.75,"[1.0, 0.0]"
15172,1074.0,3111202.75,"[1.0, 0.0]"
15176,1074.0,3111202.75,"[1.0, 0.0]"
15180,1074.0,3111202.75,"[1.0, 0.0]"
15183,1074.0,3111202.75,"[1.0, 0.0]"
15185,1074.0,3111202.75,"[1.0, 0.0]"
15187,1074.0,3111202.75,"[1.0, 0.0]"
15204,1074.0,3111202.75,"[1.0, 0.0]"
15212,1074.0,3111202.75,"[1.0, 0.0]"
15215,1074.0,3111202.75,"[1.0, 0.0]"
15218,1074.0,3111202.75,"[1.0, 0.0]"
15223,1074.0,3111202.75,"[1.0, 0.0]"
15224,1074.0,3111202.75,"[1.0, 0.0]"
15226,1074.0,3111202.75,"[1.0, 0.0]"
15232,1074.0,3111202.75,"[1.0, 0.0]"
15236,1074.0,3111202.75,"[1.0, 0.0]"
15238,2418.0,4804980.75,"[0.0, 1.0]"
15244,1074.0,3111202.75,"[1.0, 0.0]"
15248,1074.0,3111202.75,"[1.0, 0.0]"
15272,1074.0,3111202.75,"[1.0, 0.0]"
15276,1074.0,3111202.75,"[1.0, 0.0]"
15293,1074.0,3111202.75,"[1.0, 0.0]"
15296,1074.0,3111202.75,"[1.0, 0.0]"
15299,1074.0,3111202.75,"[1.0, 0.0]"
15317,1074.0,3111202.75,"[1.0, 0.0]"
15322,1074.0,3111202.75,"[1.0, 0.0]"
15325,1074.0,3111202.75,"[1.0, 0.0]"
15332,1074.0,3111202.75,"[1.0, 0.0]"
15362,1074.0,3111202.75,"[1.0, 0.0]"
15367,1074.0,3111202.75,"[1.0, 0.0]"
15368,1074.0,3111202.75,"[1.0, 0.0]"
15377,1074.0,3111202.75,"[1.0, 0.0]"
15380,1074.0,3111202.75,"[1.0, 0.0]"
15401,1074.0,3111202.75,"[1.0, 0.0]"
15425,1074.0,3111202.75,"[1.0, 0.0]"
15442,1074.0,3111202.75,"[1.0, 0.0]"
15455,1074.0,3111202.75,"[1.0, 0.0]"
15464,1074.0,3111202.75,"[1.0, 0.0]"
15466,1074.0,3111202.75,"[1.0, 0.0]"
15469,349.05,200000.0,Arrendar
15480,1074.0,3111202.75,"[1.0, 0.0]"
15491,1074.0,3111202.75,"[1.0, 0.0]"
15494,1074.0,3111202.75,"[1.0, 0.0]"
15500,1074.0,3111202.75,"[1.0, 0.0]"
15507,1074.0,3111202.75,"[1.0, 0.0]"
15511,1074.0,3111202.75,"[1.0, 0.0]"
15514,1074.0,3111202.75,"[1.0, 0.0]"
15516,1074.0,3111202.75,"[1.0, 0.0]"
15518,1074.0,3111202.75,"[1.0, 0.0]"
15522,1074.0,3111202.75,"[1.0, 0.0]"
15531,1074.0,3111202.75,"[1.0, 0.0]"
15533,1074.0,3111202.75,"[1.0, 0.0]"
15542,1074.0,3111202.75,"[1.0, 0.0]"
15550,1074.0,3111202.75,"[1.0, 0.0]"
15572,1074.0,3111202.75,"[1.0, 0.0]"
15580,1074.0,3111202.75,"[1.0, 0.0]"
15599,1074.0,3111202.75,"[1.0, 0.0]"
15600,1074.0,3111202.75,"[1.0, 0.0]"
15621,1074.0,3111202.75,"[1.0, 0.0]"
15632,1074.0,3111202.75,"[1.0, 0.0]"
15638,1074.0,3111202.75,"[1.0, 0.0]"
15646,1074.0,3111202.75,"[1.0, 0.0]"
15660,1074.0,3111202.75,"[1.0, 0.0]"
15673,1074.0,3111202.75,"[1.0, 0.0]"
15686,1074.0,3111202.75,"[1.0, 0.0]"
15690,1074.0,3111202.75,"[1.0, 0.0]"
15696,1074.0,3111202.75,"[1.0, 0.0]"
15720,1074.0,3111202.75,"[1.0, 0.0]"
15723,1074.0,3111202.75,"[1.0, 0.0]"
15740,1074.0,3111202.75,"[1.0, 0.0]"
15753,1074.0,3111202.75,"[1.0, 0.0]"
15755,1074.0,3111202.75,"[1.0, 0.0]"
15757,1074.0,3111202.75,"[1.0, 0.0]"
15759,2418.0,4804980.75,"[0.0, 1.0]"
15761,1074.0,3111202.75,"[1.0, 0.0]"
15762,1074.0,3111202.75,"[1.0, 0.0]"
15763,1074.0,3111202.75,"[1.0, 0.0]"
15764,1074.0,3111202.75,"[1.0, 0.0]"
15774,1074.0,3111202.75,"[1.0, 0.0]"
15776,1074.0,3111202.75,"[1.0, 0.0]"
15778,1074.0,3111202.75,"[1.0, 0.0]"
15790,1074.0,3111202.75,"[1.0, 0.0]"
15798,1074.0,3111202.75,"[1.0, 0.0]"
15804,1074.0,3111202.75,"[1.0, 0.0]"
15808,1074.0,3111202.75,"[1.0, 0.0]"
15810,1074.0,3111202.75,"[1.0, 0.0]"
15814,1074.0,3111202.75,"[1.0, 0.0]"
15820,1074.0,3111202.75,"[1.0, 0.0]"
15822,1074.0,3111202.75,"[1.0, 0.0]"
15835,1074.0,3111202.75,"[1.0, 0.0]"
15839,1074.0,3111202.75,"[1.0, 0.0]"
15842,1074.0,3111202.75,"[1.0, 0.0]"
15861,1074.0,3111202.75,"[1.0, 0.0]"
15879,1074.0,3111202.75,"[1.0, 0.0]"
15897,1074.0,3111202.75,"[1.0, 0.0]"
17001,4836.0,9609961.5,"[0.0, 2.0]"
17013,1235.1,2875000.0,Arrendar
17042,1074.0,3111202.75,"[1.0, 0.0]"
17050,1074.0,3111202.75,"[1.0, 0.0]"
17088,1074.0,3111202.75,"[1.0, 0.0]"
17174,1074.0,3111202.75,"[1.0, 0.0]"
17272,1074.0,3111202.75,"[1.0, 0.0]"
17380,1074.0,3111202.75,"[1.0, 0.0]"
17388,1074.0,3111202.75,"[1.0, 0.0]"
17433,1074.0,3111202.75,"[1.0, 0.0]"
17442,1074.0,3111202.75,"[1.0, 0.0]"
17446,1074.0,3111202.75,"[1.0, 0.0]"
17486,1074.0,3111202.75,"[1.0, 0.0]"
17495,1074.0,3111202.75,"[1.0, 0.0]"
17513,1074.0,3111202.75,"[1.0, 0.0]"
17524,1074.0,3111202.75,"[1.0, 0.0]"
17541,1074.0,3111202.75,"[1.0, 0.0]"
17614,1074.0,3111202.75,"[1.0, 0.0]"
17616,1074.0,3111202.75,"[1.0, 0.0]"
17653,537.0,375000.0,Arrendar
17662,1074.0,3111202.75,"[1.0, 0.0]"
17665,1074.0,3111202.75,"[1.0, 0.0]"
17777,1074.0,3111202.75,"[1.0, 0.0]"
17867,1074.0,3111202.75,"[1.0, 0.0]"
17873,1074.0,3111202.75,"[1.0, 0.0]"
17877,1074.0,3111202.75,"[1.0, 0.0]"
18001,2418.0,4804980.75,"[0.0, 1.0]"
18029,1074.0,3111202.75,"[1.0, 0.0]"
18205,1074.0,3111202.75,"[1.0, 0.0]"
18247,1074.0,3111202.75,"[1.0, 0.0]"
18256,1074.0,3111202.75,"[1.0, 0.0]"
18479,1074.0,3111202.75,"[1.0, 0.0]"
18592,1074.0,3111202.75,"[1.0, 0.0]"
18756,1074.0,3111202.75,"[1.0, 0.0]"
18785,1074.0,3111202.75,"[1.0, 0.0]"
18860,1074.0,3111202.75,"[1.0, 0.0]"
19001,3492.0,7916183.5,"[1.0, 1.0]"
19022,1074.0,3111202.75,"[1.0, 0.0]"
19050,1074.0,3111202.75,"[1.0, 0.0]"
19075,1074.0,3111202.75,"[1.0, 0.0]"
19100,1074.0,3111202.75,"[1.0, 0.0]"
19110,1074.0,3111202.75,"[1.0, 0.0]"
19130,1074.0,3111202.75,"[1.0, 0.0]"
19137,1074.0,3111202.75,"[1.0, 0.0]"
19142,1074.0,3111202.75,"[1.0, 0.0]"
19212,1074.0,3111202.75,"[1.0, 0.0]"
19256,1074.0,3111202.75,"[1.0, 0.0]"
19290,1074.0,3111202.75,"[1.0, 0.0]"
19300,1074.0,3111202.75,"[1.0, 0.0]"
19318,1074.0,3111202.75,"[1.0, 0.0]"
19355,1074.0,3111202.75,"[1.0, 0.0]"
19364,1074.0,3111202.75,"[1.0, 0.0]"
19392,1074.0,3111202.75,"[1.0, 0.0]"
19397,1074.0,3111202.75,"[1.0, 0.0]"
19418,1074.0,3111202.75,"[1.0, 0.0]"
19450,1074.0,3111202.75,"[1.0, 0.0]"
19455,1074.0,3111202.75,"[1.0, 0.0]"
19473,1074.0,3111202.75,"[1.0, 0.0]"
19513,1074.0,3111202.75,"[1.0, 0.0]"
19532,1074.0,3111202.75,"[1.0, 0.0]"
19533,1074.0,3111202.75,"[1.0, 0.0]"
19548,1074.0,3111202.75,"[1.0, 0.0]"
19573,1074.0,3111202.75,"[1.0, 0.0]"
19585,1074.0,3111202.75,"[1.0, 0.0]"
19622,1074.0,3111202.75,"[1.0, 0.0]"
19701,1074.0,3111202.75,"[1.0, 0.0]"
19743,1074.0,3111202.75,"[1.0, 0.0]"
19760,1074.0,3111202.75,"[1.0, 0.0]"
19780,1074.0,3111202.75,"[1.0, 0.0]"
19785,1074.0,3111202.75,"[1.0, 0.0]"
19807,1074.0,3111202.75,"[1.0, 0.0]"
19809,1074.0,3111202.75,"[1.0, 0.0]"
19821,1074.0,3111202.75,"[1.0, 0.0]"
19824,1074.0,3111202.75,"[1.0, 0.0]"
19845,1074.0,3111202.75,"[1.0, 0.0]"
20001,3492.0,7916183.5,"[1.0, 1.0]"
20011,2418.0,4804980.75,"[0.0, 1.0]"
20013,1074.0,3111202.75,"[1.0, 0.0]"
20032,1074.0,3111202.75,"[1.0, 0.0]"
20045,1074.0,3111202.75,"[1.0, 0.0]"
20060,1074.0,3111202.75,"[1.0, 0.0]"
20175,1074.0,3111202.75,"[1.0, 0.0]"
20178,1074.0,3111202.75,"[1.0, 0.0]"
20228,1074.0,3111202.75,"[1.0, 0.0]"
20238,1074.0,3111202.75,"[1.0, 0.0]"
20250,1074.0,3111202.75,"[1.0, 0.0]"
20295,1074.0,3111202.75,"[1.0, 0.0]"
20310,1074.0,3111202.75,"[1.0, 0.0]"
20383,1074.0,3111202.75,"[1.0, 0.0]"
20443,1074.0,3111202.75,"[1.0, 0.0]"
20517,1074.0,3111202.75,"[1.0, 0.0]"
20550,1074.0,3111202.75,"[1.0, 0.0]"
20570,1074.0,3111202.75,"[1.0, 0.0]"
20621,1074.0,3111202.75,"[1.0, 0.0]"
20710,1074.0,3111202.75,"[1.0, 0.0]"
20750,1074.0,3111202.75,"[1.0, 0.0]"
20770,1074.0,3111202.75,"[1.0, 0.0]"
20787,1074.0,3111202.75,"[1.0, 0.0]"
23001,6768.885,5659375.0,Arrendar
23068,1074.0,3111202.75,"[1.0, 0.0]"
23079,1074.0,3111202.75,"[1.0, 0.0]"
23090,1074.0,3111202.75,"[1.0, 0.0]"
23162,13425.0,1000000.0,Arrendar
23168,1074.0,3111202.75,"[1.0, 0.0]"
23182,1074.0,3111202.75,"[1.0, 0.0]"
23300,1074.0,3111202.75,"[1.0, 0.0]"
23417,2418.0,4804980.75,"[0.0, 1.0]"
23419,1074.0,3111202.75,"[1.0, 0.0]"
23464,1074.0,3111202.75,"[1.0, 0.0]"
23500,1074.0,3111202.75,"[1.0, 0.0]"
23555,1074.0,3111202.75,"[1.0, 0.0]"
23570,1074.0,3111202.75,"[1.0, 0.0]"
23574,1074.0,3111202.75,"[1.0, 0.0]"
23586,1074.0,3111202.75,"[1.0, 0.0]"
23660,1074.0,3111202.75,"[1.0, 0.0]"
23670,1074.0,3111202.75,"[1.0, 0.0]"
23672,1074.0,3111202.75,"[1.0, 0.0]"
23686,1074.0,3111202.75,"[1.0, 0.0]"
23807,1074.0,3111202.75,"[1.0, 0.0]"
23815,1074.0,3111202.75,"[1.0, 0.0]"
23855,1074.0,3111202.75,"[1.0, 0.0]"
25035,1074.0,3111202.75,"[1.0, 0.0]"
25053,1074.0,3111202.75,"[1.0, 0.0]"
25086,1074.0,3111202.75,"[1.0, 0.0]"
25095,1074.0,3111202.75,"[1.0, 0.0]"
25099,1074.0,3111202.75,"[1.0, 0.0]"
25120,1074.0,3111202.75,"[1.0, 0.0]"
25123,1074.0,3111202.75,"[1.0, 0.0]"
25126,1074.0,3111202.75,"[1.0, 0.0]"
25148,1074.0,3111202.75,"[1.0, 0.0]"
25151,1074.0,3111202.75,"[1.0, 0.0]"
25168,1074.0,3111202.75,"[1.0, 0.0]"
25178,1074.0,3111202.75,"[1.0, 0.0]"
25181,1074.0,3111202.75,"[1.0, 0.0]"
25183,1074.0,3111202.75,"[1.0, 0.0]"
25200,1074.0,3111202.75,"[1.0, 0.0]"
25214,1074.0,3111202.75,"[1.0, 0.0]"
25224,1074.0,3111202.75,"[1.0, 0.0]"
25245,1074.0,3111202.75,"[1.0, 0.0]"
25260,2148.0,1625000.0,Arrendar
25279,1074.0,3111202.75,"[1.0, 0.0]"
25281,1074.0,3111202.75,"[1.0, 0.0]"
25286,1074.0,3111202.75,"[1.0, 0.0]"
25288,1074.0,3111202.75,"[1.0, 0.0]"
25293,1074.0,3111202.75,"[1.0, 0.0]"
25295,1074.0,3111202.75,"[1.0, 0.0]"
25297,1074.0,3111202.75,"[1.0, 0.0]"
25307,1745.25,3250000.0,Arrendar
25312,1074.0,3111202.75,"[1.0, 0.0]"
25317,1074.0,3111202.75,"[1.0, 0.0]"
25320,3222.0000000000005,375000.0,Arrendar
25322,1074.0,3111202.75,"[1.0, 0.0]"
25324,1074.0,3111202.75,"[1.0, 0.0]"
25326,1074.0,3111202.75,"[1.0, 0.0]"
25335,1074.0,3111202.75,"[1.0, 0.0]"
25339,1074.0,3111202.75,"[1.0, 0.0]"
25368,1074.0,3111202.75,"[1.0, 0.0]"
25372,1074.0,3111202.75,"[1.0, 0.0]"
25377,2080.875,2500000.0,Arrendar
25386,1074.0,3111202.75,"[1.0, 0.0]"
25394,1074.0,3111202.75,"[1.0, 0.0]"
25398,1074.0,3111202.75,"[1.0, 0.0]"
25402,1074.0,3111202.75,"[1.0, 0.0]"
25407,1074.0,3111202.75,"[1.0, 0.0]"
25426,1074.0,3111202.75,"[1.0, 0.0]"
25430,2418.0,4804980.75,"[0.0, 1.0]"
25436,1074.0,3111202.75,"[1.0, 0.0]"
25438,1074.0,3111202.75,"[1.0, 0.0]"
25473,2418.0,4804980.75,"[0.0, 1.0]"
25483,1074.0,3111202.75,"[1.0, 0.0]"
25486,1074.0,3111202.75,"[1.0, 0.0]"
25488,1074.0,3111202.75,"[1.0, 0.0]"
25489,1074.0,3111202.75,"[1.0, 0.0]"
25491,1074.0,3111202.75,"[1.0, 0.0]"
25506,1074.0,3111202.75,"[1.0, 0.0]"
25513,1074.0,3111202.75,"[1.0, 0.0]"
25518,1074.0,3111202.75,"[1.0, 0.0]"
25524,1074.0,3111202.75,"[1.0, 0.0]"
25530,1074.0,3111202.75,"[1.0, 0.0]"
25535,1074.0,3111202.75,"[1.0, 0.0]"
25572,1074.0,3111202.75,"[1.0, 0.0]"
25580,1074.0,3111202.75,"[1.0, 0.0]"
25592,1074.0,3111202.75,"[1.0, 0.0]"
25594,1074.0,3111202.75,"[1.0, 0.0]"
25596,1074.0,3111202.75,"[1.0, 0.0]"
25599,1074.0,3111202.75,"[1.0, 0.0]"
25612,1074.0,3111202.75,"[1.0, 0.0]"
25649,1074.0,3111202.75,"[1.0, 0.0]"
25653,1074.0,3111202.75,"[1.0, 0.0]"
25658,1074.0,3111202.75,"[1.0, 0.0]"
25736,1074.0,3111202.75,"[1.0, 0.0]"
25740,1074.0,3111202.75,"[1.0, 0.0]"
25743,1074.0,3111202.75,"[1.0, 0.0]"
25745,1074.0,3111202.75,"[1.0, 0.0]"
25754,3492.0,7916183.5,"[1.0, 1.0]"
25769,1074.0,3111202.75,"[1.0, 0.0]"
25772,1074.0,3111202.75,"[1.0, 0.0]"
25777,1074.0,3111202.75,"[1.0, 0.0]"
25779,1074.0,3111202.75,"[1.0, 0.0]"
25781,1074.0,3111202.75,"[1.0, 0.0]"
25785,1074.0,3111202.75,"[1.0, 0.0]"
25793,1074.0,3111202.75,"[1.0, 0.0]"
25797,1074.0,3111202.75,"[1.0, 0.0]"
25799,1074.0,3111202.75,"[1.0, 0.0]"
25805,1074.0,3111202.75,"[1.0, 0.0]"
25807,1074.0,3111202.75,"[1.0, 0.0]"
25815,1074.0,3111202.75,"[1.0, 0.0]"
25817,1074.0,3111202.75,"[1.0, 0.0]"
25823,1074.0,3111202.75,"[1.0, 0.0]"
25839,1074.0,3111202.75,"[1.0, 0.0]"
25841,1074.0,3111202.75,"[1.0, 0.0]"
25845,1074.0,3111202.75,"[1.0, 0.0]"
25851,1074.0,3111202.75,"[1.0, 0.0]"
25867,1074.0,3111202.75,"[1.0, 0.0]"
25871,1074.0,3111202.75,"[1.0, 0.0]"
25873,1074.0,3111202.75,"[1.0, 0.0]"
25875,1074.0,3111202.75,"[1.0, 0.0]"
25878,1074.0,3111202.75,"[1.0, 0.0]"
25898,1074.0,3111202.75,"[1.0, 0.0]"
27001,1798.95,3012500.0,Arrendar
27025,1074.0,3111202.75,"[1.0, 0.0]"
27050,1074.0,3111202.75,"[1.0, 0.0]"
27073,1074.0,3111202.75,"[1.0, 0.0]"
27075,1074.0,3111202.75,"[1.0, 0.0]"
27077,1074.0,3111202.75,"[1.0, 0.0]"
27099,1074.0,3111202.75,"[1.0, 0.0]"
27160,1074.0,3111202.75,"[1.0, 0.0]"
27205,1074.0,3111202.75,"[1.0, 0.0]"
27372,1074.0,3111202.75,"[1.0, 0.0]"
27413,1074.0,3111202.75,"[1.0, 0.0]"
27425,1074.0,3111202.75,"[1.0, 0.0]"
27430,1074.0,3111202.75,"[1.0, 0.0]"
27450,1074.0,3111202.75,"[1.0, 0.0]"
27491,1074.0,3111202.75,"[1.0, 0.0]"
27495,1074.0,3111202.75,"[1.0, 0.0]"
27580,1074.0,3111202.75,"[1.0, 0.0]"
27600,1074.0,3111202.75,"[1.0, 0.0]"
27615,1074.0,3111202.75,"[1.0, 0.0]"
27745,1074.0,3111202.75,"[1.0, 0.0]"
27800,1074.0,3111202.75,"[1.0, 0.0]"
41001,7518.000000000001,5000000.0,Arrendar
41006,1074.0,3111202.75,"[1.0, 0.0]"
41013,1074.0,3111202.75,"[1.0, 0.0]"
41016,1074.0,3111202.75,"[1.0, 0.0]"
41020,1074.0,3111202.75,"[1.0, 0.0]"
41026,1074.0,3111202.75,"[1.0, 0.0]"
41078,1074.0,3111202.75,"[1.0, 0.0]"
41132,1074.0,3111202.75,"[1.0, 0.0]"
41206,1074.0,3111202.75,"[1.0, 0.0]"
41244,1074.0,3111202.75,"[1.0, 0.0]"
41298,1074.0,3111202.75,"[1.0, 0.0]"
41306,1074.0,3111202.75,"[1.0, 0.0]"
41319,1074.0,3111202.75,"[1.0, 0.0]"
41349,1074.0,3111202.75,"[1.0, 0.0]"
41357,1074.0,3111202.75,"[1.0, 0.0]"
41359,1074.0,3111202.75,"[1.0, 0.0]"
41378,1074.0,3111202.75,"[1.0, 0.0]"
41396,1074.0,3111202.75,"[1.0, 0.0]"
41483,1074.0,3111202.75,"[1.0, 0.0]"
41503,1074.0,3111202.75,"[1.0, 0.0]"
41518,1074.0,3111202.75,"[1.0, 0.0]"
41524,1074.0,3111202.75,"[1.0, 0.0]"
41530,1074.0,3111202.75,"[1.0, 0.0]"
41548,1074.0,3111202.75,"[1.0, 0.0]"
41551,2418.0,4804980.75,"[0.0, 1.0]"
41615,1074.0,3111202.75,"[1.0, 0.0]"
41660,1074.0,3111202.75,"[1.0, 0.0]"
41676,1074.0,3111202.75,"[1.0, 0.0]"
41770,1074.0,3111202.75,"[1.0, 0.0]"
41791,1074.0,3111202.75,"[1.0, 0.0]"
41797,1074.0,3111202.75,"[1.0, 0.0]"
41799,1074.0,3111202.75,"[1.0, 0.0]"
41801,1074.0,3111202.75,"[1.0, 0.0]"
41807,1074.0,3111202.75,"[1.0, 0.0]"
41872,1074.0,3111202.75,"[1.0, 0.0]"
41885,1074.0,3111202.75,"[1.0, 0.0]"
44001,2418.0,4804980.75,"[0.0, 1.0]"
44035,1074.0,3111202.75,"[1.0, 0.0]"
44078,1074.0,3111202.75,"[1.0, 0.0]"
44090,1074.0,3111202.75,"[1.0, 0.0]"
44098,1074.0,3111202.75,"[1.0, 0.0]"
44110,1074.0,3111202.75,"[1.0, 0.0]"
44279,1074.0,3111202.75,"[1.0, 0.0]"
44378,1074.0,3111202.75,"[1.0, 0.0]"
44430,2418.0,4804980.75,"[0.0, 1.0]"
44560,1074.0,3111202.75,"[1.0, 0.0]"
44847,2418.0,4804980.75,"[0.0, 1.0]"
44855,1074.0,3111202.75,"[1.0, 0.0]"
44874,1074.0,3111202.75,"[1.0, 0.0]"
47001,4836.0,9609961.5,"[0.0, 2.0]"
47030,1074.0,3111202.75,"[1.0, 0.0]"
47053,1074.0,3111202.75,"[1.0, 0.0]"
47058,1074.0,3111202.75,"[1.0, 0.0]"
47161,1074.0,3111202.75,"[1.0, 0.0]"
47170,1074.0,3111202.75,"[1.0, 0.0]"
47205,1074.0,3111202.75,"[1.0, 0.0]"
47245,1074.0,3111202.75,"[1.0, 0.0]"
47258,1074.0,3111202.75,"[1.0, 0.0]"
47268,1074.0,3111202.75,"[1.0, 0.0]"
47288,1074.0,3111202.75,"[1.0, 0.0]"
47318,1074.0,3111202.75,"[1.0, 0.0]"
47460,1074.0,3111202.75,"[1.0, 0.0]"
47541,1074.0,3111202.75,"[1.0, 0.0]"
47551,1074.0,3111202.75,"[1.0, 0.0]"
47555,1074.0,3111202.75,"[1.0, 0.0]"
47605,1074.0,3111202.75,"[1.0, 0.0]"
47675,1074.0,3111202.75,"[1.0, 0.0]"
47703,1074.0,3111202.75,"[1.0, 0.0]"
47707,1074.0,3111202.75,"[1.0, 0.0]"
47745,1611.0000000000002,2250000.0,Arrendar
47798,1074.0,3111202.75,"[1.0, 0.0]"
47960,1074.0,3111202.75,"[1.0, 0.0]"
47980,1074.0,3111202.75,"[1.0, 0.0]"
50001,7356.900000000001,8750000.0,Arrendar
50006,1074.0,3111202.75,"[1.0, 0.0]"
50124,1074.0,3111202.75,"[1.0, 0.0]"
50223,1074.0,3111202.75,"[1.0, 0.0]"
50226,1074.0,3111202.75,"[1.0, 0.0]"
50245,1074.0,3111202.75,"[1.0, 0.0]"
50251,1074.0,3111202.75,"[1.0, 0.0]"
50270,1074.0,3111202.75,"[1.0, 0.0]"
50313,1074.0,3111202.75,"[1.0, 0.0]"
50318,1074.0,3111202.75,"[1.0, 0.0]"
50325,1074.0,3111202.75,"[1.0, 0.0]"
50330,1074.0,3111202.75,"[1.0, 0.0]"
50350,1074.0,3111202.75,"[1.0, 0.0]"
50400,1074.0,3111202.75,"[1.0, 0.0]"
50450,1074.0,3111202.75,"[1.0, 0.0]"
50568,1074.0,3111202.75,"[1.0, 0.0]"
50573,1074.0,3111202.75,"[1.0, 0.0]"
50577,1074.0,3111202.75,"[1.0, 0.0]"
50590,1074.0,3111202.75,"[1.0, 0.0]"
50606,1074.0,3111202.75,"[1.0, 0.0]"
50686,1074.0,3111202.75,"[1.0, 0.0]"
50689,1074.0,3111202.75,"[1.0, 0.0]"
50711,1074.0,3111202.75,"[1.0, 0.0]"
52001,9773.4,1175000.0,Arrendar
52019,1074.0,3111202.75,"[1.0, 0.0]"
52022,1074.0,3111202.75,"[1.0, 0.0]"
52036,1074.0,3111202.75,"[1.0, 0.0]"
52079,1074.0,3111202.75,"[1.0, 0.0]"
52203,1074.0,3111202.75,"[1.0, 0.0]"
52207,1074.0,3111202.75,"[1.0, 0.0]"
52210,1074.0,3111202.75,"[1.0, 0.0]"
52215,1074.0,3111202.75,"[1.0, 0.0]"
52224,1074.0,3111202.75,"[1.0, 0.0]"
52227,1074.0,3111202.75,"[1.0, 0.0]"
52233,1074.0,3111202.75,"[1.0, 0.0]"
52250,1074.0,3111202.75,"[1.0, 0.0]"
52254,1074.0,3111202.75,"[1.0, 0.0]"
52256,1074.0,3111202.75,"[1.0, 0.0]"
52260,1074.0,3111202.75,"[1.0, 0.0]"
52287,1074.0,3111202.75,"[1.0, 0.0]"
52317,1074.0,3111202.75,"[1.0, 0.0]"
52320,1074.0,3111202.75,"[1.0, 0.0]"
52323,1074.0,3111202.75,"[1.0, 0.0]"
52352,1074.0,3111202.75,"[1.0, 0.0]"
52354,1074.0,3111202.75,"[1.0, 0.0]"
52356,2418.0,4804980.75,"[0.0, 1.0]"
52378,1074.0,3111202.75,"[1.0, 0.0]"
52381,1074.0,3111202.75,"[1.0, 0.0]"
52385,1074.0,3111202.75,"[1.0, 0.0]"
52390,1074.0,3111202.75,"[1.0, 0.0]"
52399,1074.0,3111202.75,"[1.0, 0.0]"
52405,1074.0,3111202.75,"[1.0, 0.0]"
52411,1074.0,3111202.75,"[1.0, 0.0]"
52418,1074.0,3111202.75,"[1.0, 0.0]"
52427,1074.0,3111202.75,"[1.0, 0.0]"
52435,1074.0,3111202.75,"[1.0, 0.0]"
52473,1074.0,3111202.75,"[1.0, 0.0]"
52480,1074.0,3111202.75,"[1.0, 0.0]"
52490,1074.0,3111202.75,"[1.0, 0.0]"
52506,1074.0,3111202.75,"[1.0, 0.0]"
52520,1074.0,3111202.75,"[1.0, 0.0]"
52540,1074.0,3111202.75,"[1.0, 0.0]"
52560,1074.0,3111202.75,"[1.0, 0.0]"
52565,1074.0,3111202.75,"[1.0, 0.0]"
52573,1074.0,3111202.75,"[1.0, 0.0]"
52585,1074.0,3111202.75,"[1.0, 0.0]"
52612,1074.0,3111202.75,"[1.0, 0.0]"
52621,1074.0,3111202.75,"[1.0, 0.0]"
52678,1074.0,3111202.75,"[1.0, 0.0]"
52683,1074.0,3111202.75,"[1.0, 0.0]"
52685,1074.0,3111202.75,"[1.0, 0.0]"
52687,1074.0,3111202.75,"[1.0, 0.0]"
52693,1074.0,3111202.75,"[1.0, 0.0]"
52696,1074.0,3111202.75,"[1.0, 0.0]"
52720,1074.0,3111202.75,"[1.0, 0.0]"
52786,1074.0,3111202.75,"[1.0, 0.0]"
52788,1074.0,3111202.75,"[1.0, 0.0]"
52838,1074.0,3111202.75,"[1.0, 0.0]"
52885,1074.0,3111202.75,"[1.0, 0.0]"
63001,3492.0,7916183.5,"[1.0, 1.0]"
63111,1074.0,3111202.75,"[1.0, 0.0]"
63190,1074.0,3111202.75,"[1.0, 0.0]"
63212,1074.0,3111202.75,"[1.0, 0.0]"
63272,1074.0,3111202.75,"[1.0, 0.0]"
63401,1074.0,3111202.75,"[1.0, 0.0]"
63470,402.75000000000006,875000.0,Arrendar
63548,1074.0,3111202.75,"[1.0, 0.0]"
63594,1074.0,3111202.75,"[1.0, 0.0]"
63690,1074.0,3111202.75,"[1.0, 0.0]"
66001,4994.1,3750000.0,Arrendar
66045,1074.0,3111202.75,"[1.0, 0.0]"
66075,1074.0,3111202.75,"[1.0, 0.0]"
66170,2418.0,4804980.75,"[0.0, 1.0]"
66318,1074.0,3111202.75,"[1.0, 0.0]"
66383,1074.0,3111202.75,"[1.0, 0.0]"
66400,1074.0,3111202.75,"[1.0, 0.0]"
66440,1074.0,3111202.75,"[1.0, 0.0]"
66456,1074.0,3111202.75,"[1.0, 0.0]"
66572,1074.0,3111202.75,"[1.0, 0.0]"
66594,1074.0,3111202.75,"[1.0, 0.0]"
66687,1074.0,3111202.75,"[1.0, 0.0]"
68001,5910.0,12721164.25,"[1.0, 2.0]"
68013,1074.0,3111202.75,"[1.0, 0.0]"
68020,1074.0,3111202.75,"[1.0, 0.0]"
68051,1074.0,3111202.75,"[1.0, 0.0]"
68077,1074.0,3111202.75,"[1.0, 0.0]"
68079,1074.0,3111202.75,"[1.0, 0.0]"
68081,2418.0,4804980.75,"[0.0, 1.0]"
68092,1074.0,3111202.75,"[1.0, 0.0]"
68101,1074.0,3111202.75,"[1.0, 0.0]"
68121,1074.0,3111202.75,"[1.0, 0.0]"
68132,1074.0,3111202.75,"[1.0, 0.0]"
68152,1074.0,3111202.75,"[1.0, 0.0]"
68160,1074.0,3111202.75,"[1.0, 0.0]"
68162,1074.0,3111202.75,"[1.0, 0.0]"
68167,1074.0,3111202.75,"[1.0, 0.0]"
68169,1074.0,3111202.75,"[1.0, 0.0]"
68179,1074.0,3111202.75,"[1.0, 0.0]"
68190,1074.0,3111202.75,"[1.0, 0.0]"
68207,1074.0,3111202.75,"[1.0, 0.0]"
68209,1074.0,3111202.75,"[1.0, 0.0]"
68211,1074.0,3111202.75,"[1.0, 0.0]"
68217,1074.0,3111202.75,"[1.0, 0.0]"
68229,1074.0,3111202.75,"[1.0, 0.0]"
68245,1074.0,3111202.75,"[1.0, 0.0]"
68255,1074.0,3111202.75,"[1.0, 0.0]"
68264,1074.0,3111202.75,"[1.0, 0.0]"
68266,1074.0,3111202.75,"[1.0, 0.0]"
68271,1074.0,3111202.75,"[1.0, 0.0]"
68276,4376.55,7415000.0,Arrendar
68296,1074.0,3111202.75,"[1.0, 0.0]"
68298,1074.0,3111202.75,"[1.0, 0.0]"
68307,4980.675,3750000.0,Arrendar
68318,1074.0,3111202.75,"[1.0, 0.0]"
68320,1074.0,3111202.75,"[1.0, 0.0]"
68322,1074.0,3111202.75,"[1.0, 0.0]"
68324,1074.0,3111202.75,"[1.0, 0.0]"
68327,1074.0,3111202.75,"[1.0, 0.0]"
68368,1074.0,3111202.75,"[1.0, 0.0]"
68370,1074.0,3111202.75,"[1.0, 0.0]"
68377,1074.0,3111202.75,"[1.0, 0.0]"
68385,1074.0,3111202.75,"[1.0, 0.0]"
68397,1074.0,3111202.75,"[1.0, 0.0]"
68406,1074.0,3111202.75,"[1.0, 0.0]"
68418,1074.0,3111202.75,"[1.0, 0.0]"
68425,1074.0,3111202.75,"[1.0, 0.0]"
68432,1074.0,3111202.75,"[1.0, 0.0]"
68444,1074.0,3111202.75,"[1.0, 0.0]"
68464,1074.0,3111202.75,"[1.0, 0.0]"
68468,1074.0,3111202.75,"[1.0, 0.0]"
68498,1074.0,3111202.75,"[1.0, 0.0]"
68500,1074.0,3111202.75,"[1.0, 0.0]"
68502,1074.0,3111202.75,"[1.0, 0.0]"
68522,1074.0,3111202.75,"[1.0, 0.0]"
68533,1074.0,3111202.75,"[1.0, 0.0]"
68547,2685.0,2840000.0,Arrendar
68549,797.445,875000.0,Arrendar
68572,1074.0,3111202.75,"[1.0, 0.0]"
68615,1074.0,3111202.75,"[1.0, 0.0]"
68669,1074.0,3111202.75,"[1.0, 0.0]"
68679,912.9,1500000.0,Arrendar
68682,1074.0,3111202.75,"[1.0, 0.0]"
68686,1074.0,3111202.75,"[1.0, 0.0]"
68705,1074.0,3111202.75,"[1.0, 0.0]"
68745,1074.0,3111202.75,"[1.0, 0.0]"
68755,1074.0,3111202.75,"[1.0, 0.0]"
68770,1074.0,3111202.75,"[1.0, 0.0]"
68773,1074.0,3111202.75,"[1.0, 0.0]"
68780,1074.0,3111202.75,"[1.0, 0.0]"
68820,1074.0,3111202.75,"[1.0, 0.0]"
68861,1074.0,3111202.75,"[1.0, 0.0]"
68867,1074.0,3111202.75,"[1.0, 0.0]"
68872,1074.0,3111202.75,"[1.0, 0.0]"
68895,1074.0,3111202.75,"[1.0, 0.0]"
70001,4027.5,4832500.0,Arrendar
70110,1074.0,3111202.75,"[1.0, 0.0]"
70124,1074.0,3111202.75,"[1.0, 0.0]"
70204,1074.0,3111202.75,"[1.0, 0.0]"
70221,1074.0,3111202.75,"[1.0, 0.0]"
70230,1074.0,3111202.75,"[1.0, 0.0]"
70233,1074.0,3111202.75,"[1.0, 0.0]"
70235,1074.0,3111202.75,"[1.0, 0.0]"
70265,1074.0,3111202.75,"[1.0, 0.0]"
70400,1074.0,3111202.75,"[1.0, 0.0]"
70418,1074.0,3111202.75,"[1.0, 0.0]"
70429,1074.0,3111202.75,"[1.0, 0.0]"
70473,1074.0,3111202.75,"[1.0, 0.0]"
70508,1074.0,3111202.75,"[1.0, 0.0]"
70523,1074.0,3111202.75,"[1.0, 0.0]"
70678,1074.0,3111202.75,"[1.0, 0.0]"
70708,1074.0,3111202.75,"[1.0, 0.0]"
70713,1074.0,3111202.75,"[1.0, 0.0]"
70717,1074.0,3111202.75,"[1.0, 0.0]"
70771,1074.0,3111202.75,"[1.0, 0.0]"
70823,1074.0,3111202.75,"[1.0, 0.0]"
73024,1074.0,3111202.75,"[1.0, 0.0]"
73026,1074.0,3111202.75,"[1.0, 0.0]"
73030,1074.0,3111202.75,"[1.0, 0.0]"
73055,1074.0,3111202.75,"[1.0, 0.0]"
73067,1074.0,3111202.75,"[1.0, 0.0]"
73124,1074.0,3111202.75,"[1.0, 0.0]"
73168,1074.0,3111202.75,"[1.0, 0.0]"
73200,1074.0,3111202.75,"[1.0, 0.0]"
73217,1074.0,3111202.75,"[1.0, 0.0]"
73226,1074.0,3111202.75,"[1.0, 0.0]"
73236,1074.0,3111202.75,"[1.0, 0.0]"
73268,1074.0,3111202.75,"[1.0, 0.0]"
73270,1074.0,3111202.75,"[1.0, 0.0]"
73275,1074.0,3111202.75,"[1.0, 0.0]"
73283,1074.0,3111202.75,"[1.0, 0.0]"
73319,1074.0,3111202.75,"[1.0, 0.0]"
73347,1074.0,3111202.75,"[1.0, 0.0]"
73349,3222.0000000000005,375000.0,Arrendar
73352,1074.0,3111202.75,"[1.0, 0.0]"
73443,1074.0,3111202.75,"[1.0, 0.0]"
73449,1074.0,3111202.75,"[1.0, 0.0]"
73461,1074.0,3111202.75,"[1.0, 0.0]"
73483,1074.0,3111202.75,"[1.0, 0.0]"
73504,1074.0,3111202.75,"[1.0, 0.0]"
73520,1074.0,3111202.75,"[1.0, 0.0]"
73547,1074.0,3111202.75,"[1.0, 0.0]"
73555,1074.0,3111202.75,"[1.0, 0.0]"
73563,1074.0,3111202.75,"[1.0, 0.0]"
73585,1074.0,3111202.75,"[1.0, 0.0]"
73616,1074.0,3111202.75,"[1.0, 0.0]"
73622,1074.0,3111202.75,"[1.0, 0.0]"
73624,1074.0,3111202.75,"[1.0, 0.0]"
73671,1074.0,3111202.75,"[1.0, 0.0]"
73686,1074.0,3111202.75,"[1.0, 0.0]"
73861,1074.0,3111202.75,"[1.0, 0.0]"
73870,1074.0,3111202.75,"[1.0, 0.0]"
73873,1074.0,3111202.75,"[1.0, 0.0]"
81065,1074.0,3111202.75,"[1.0, 0.0]"
81220,1074.0,3111202.75,"[1.0, 0.0]"
81300,1074.0,3111202.75,"[1.0, 0.0]"
81591,1074.0,3111202.75,"[1.0, 0.0]"
81736,1074.0,3111202.75,"[1.0, 0.0]"
81794,1074.0,3111202.75,"[1.0, 0.0]"
81001,1074.0,3111202.75,"[1.0, 0.0]"
85001,2418.0,4804980.75,"[0.0, 1.0]"
85010,1074.0,3111202.75,"[1.0, 0.0]"
85015,1074.0,3111202.75,"[1.0, 0.0]"
85125,1074.0,3111202.75,"[1.0, 0.0]"
85136,1074.0,3111202.75,"[1.0, 0.0]"
85162,1074.0,3111202.75,"[1.0, 0.0]"
85263,1074.0,3111202.75,"[1.0, 0.0]"
85279,1074.0,3111202.75,"[1.0, 0.0]"
85300,1074.0,3111202.75,"[1.0, 0.0]"
85315,1074.0,3111202.75,"[1.0, 0.0]"
85410,1074.0,3111202.75,"[1.0, 0.0]"
85430,1074.0,3111202.75,"[1.0, 0.0]"
85440,1074.0,3111202.75,"[1.0, 0.0]"
86001,1074.0,3111202.75,"[1.0, 0.0]"
86219,1074.0,3111202.75,"[1.0, 0.0]"
86320,1074.0,3111202.75,"[1.0, 0.0]"
86569,1074.0,3111202.75,"[1.0, 0.0]"
86571,1074.0,3111202.75,"[1.0, 0.0]"
86573,1074.0,3111202.75,"[1.0, 0.0]"
86749,1074.0,3111202.75,"[1.0, 0.0]"
86755,1074.0,3111202.75,"[1.0, 0.0]"
86757,1074.0,3111202.75,"[1.0, 0.0]"
86760,1074.0,3111202.75,"[1.0, 0.0]"
91001,1074.0,3111202.75,"[1.0, 0.0]"
91263,1074.0,3111202.75,"[1.0, 0.0]"
91405,1074.0,3111202.75,"[1.0, 0.0]"
91407,1074.0,3111202.75,"[1.0, 0.0]"
91430,1074.0,3111202.75,"[1.0, 0.0]"
91536,1074.0,3111202.75,"[1.0, 0.0]"
91540,1074.0,3111202.75,"[1.0, 0.0]"
91669,1074.0,3111202.75,"[1.0, 0.0]"
91798,1074.0,3111202.75,"[1.0, 0.0]"
94343,1074.0,3111202.75,"[1.0, 0.0]"
94663,1074.0,3111202.75,"[1.0, 0.0]"
94883,1074.0,3111202.75,"[1.0, 0.0]"
94885,1074.0,3111202.75,"[1.0, 0.0]"
94887,1074.0,3111202.75,"[1.0, 0.0]"
97001,1074.0,3111202.75,"[1.0, 0.0]"
97161,1074.0,3111202.75,"[1.0, 0.0]"
97666,1074.0,3111202.75,"[1.0, 0.0]"
97777,1074.0,3111202.75,"[1.0, 0.0]"
97889,1074.0,3111202.75,"[1.0, 0.0]"
97511,1074.0,3111202.75,"[1.0, 0.0]"
94888,1074.0,3111202.75,"[1.0, 0.0]"
99001,1074.0,3111202.75,"[1.0, 0.0]"
99524,1074.0,3111202.75,"[1.0, 0.0]"
99624,1074.0,3111202.75,"[1.0, 0.0]"
99773,1074.0,3111202.75,"[1.0, 0.0]"
18610,1074.0,3111202.75,"[1.0, 0.0]"
50110,1074.0,3111202.75,"[1.0, 0.0]"
68524,1074.0,3111202.75,"[1.0, 0.0]"
25662,1074.0,3111202.75,"[1.0, 0.0]"
8372,1074.0,3111202.75,"[1.0, 0.0]"
50287,1074.0,3111202.75,"[1.0, 0.0]"
85325,1074.0,3111202.75,"[1.0, 0.0]"
27250,1074.0,3111202.75,"[1.0, 0.0]"
25843,1074.0,3111202.75,"[1.0, 0.0]"
13074,1074.0,3111202.75,"[1.0, 0.0]"
15816,1074.0,3111202.75,"[1.0, 0.0]"
13688,1074.0,3111202.75,"[1.0, 0.0]"
27135,1074.0,3111202.75,"[1.0, 0.0]"
15407,1074.0,3111202.75,"[1.0, 0.0]"
47692,1074.0,3111202.75,"[1.0, 0.0]"
15537,1074.0,3111202.75,"[1.0, 0.0]"
13300,1074.0,3111202.75,"[1.0, 0.0]"
47660,1074.0,3111202.75,"[1.0, 0.0]"
95015,1074.0,3111202.75,"[1.0, 0.0]"
20614,1074.0,3111202.75,"[1.0, 0.0]"
5665,1074.0,3111202.75,"[1.0, 0.0]"
95001,1074.0,3111202.75,"[1.0, 0.0]"
15693,1074.0,3111202.75,"[1.0, 0.0]"
19698,4118.79,4600000.0,Arrendar
95200,1074.0,3111202.75,"[1.0, 0.0]"
5042,1074.0,3111202.75,"[1.0, 0.0]"
50680,1074.0,3111202.75,"[1.0, 0.0]"
8520,1074.0,3111202.75,"[1.0, 0.0]"
5686,1074.0,3111202.75,"[1.0, 0.0]"
5647,1074.0,3111202.75,"[1.0, 0.0]"
73854,1074.0,3111202.75,"[1.0, 0.0]"
68689,1074.0,3111202.75,"[1.0, 0.0]"
68684,1074.0,3111202.75,"[1.0, 0.0]"
66682,1074.0,3111202.75,"[1.0, 0.0]"
25328,1074.0,3111202.75,"[1.0, 0.0]"
18094,1074.0,3111202.75,"[1.0, 0.0]"
85250,1074.0,3111202.75,"[1.0, 0.0]"
68720,1074.0,3111202.75,"[1.0, 0.0]"
15681,1074.0,3111202.75,"[1.0, 0.0]"
44420,1074.0,3111202.75,"[1.0, 0.0]"
20400,1074.0,3111202.75,"[1.0, 0.0]"
70742,1074.0,3111202.75,"[1.0, 0.0]"
15667,1074.0,3111202.75,"[1.0, 0.0]"
13244,1074.0,3111202.75,"[1.0, 0.0]"
27245,1074.0,3111202.75,"[1.0, 0.0]"
70702,1074.0,3111202.75,"[1.0, 0.0]"
47545,1074.0,3111202.75,"[1.0, 0.0]"
5873,1074.0,3111202.75,"[1.0, 0.0]"
13667,1074.0,3111202.75,"[1.0, 0.0]"
13030,1074.0,3111202.75,"[1.0, 0.0]"
73148,1074.0,3111202.75,"[1.0, 0.0]"
25645,1074.0,3111202.75,"[1.0, 0.0]"
68655,810.87,1125000.0,Arrendar
95025,1074.0,3111202.75,"[1.0, 0.0]"
23682,1074.0,3111202.75,"[1.0, 0.0]"
52694,1074.0,3111202.75,"[1.0, 0.0]"
8137,1074.0,3111202.75,"[1.0, 0.0]"
50683,1074.0,3111202.75,"[1.0, 0.0]"
5658,1074.0,3111202.75,"[1.0, 0.0]"
18150,1074.0,3111202.75,"[1.0, 0.0]"
27660,1074.0,3111202.75,"[1.0, 0.0]"
25001,483.30000000000007,375000.0,Arrendar
13655,1074.0,3111202.75,"[1.0, 0.0]"
41668,1074.0,3111202.75,"[1.0, 0.0]"
52258,1074.0,3111202.75,"[1.0, 0.0]"
15664,1074.0,3111202.75,"[1.0, 0.0]"
86865,1074.0,3111202.75,"[1.0, 0.0]"
13670,1074.0,3111202.75,"[1.0, 0.0]"
70820,1074.0,3111202.75,"[1.0, 0.0]"
11001,61524.0,123235721.5,"[1.0, 25.0]"
25154,1074.0,3111202.75,"[1.0, 0.0]"
23189,1074.0,3111202.75,"[1.0, 0.0]"
5659,1074.0,3111202.75,"[1.0, 0.0]"
44650,1074.0,3111202.75,"[1.0, 0.0]"
68235,1074.0,3111202.75,"[1.0, 0.0]"
5148,1074.0,3111202.75,"[1.0, 0.0]"
66088,1074.0,3111202.75,"[1.0, 0.0]"
27086,1074.0,3111202.75,"[1.0, 0.0]"
68855,1074.0,3111202.75,"[1.0, 0.0]"
73678,1074.0,3111202.75,"[1.0, 0.0]"
15676,1074.0,3111202.75,"[1.0, 0.0]"
73675,1074.0,3111202.75,"[1.0, 0.0]"
68673,1074.0,3111202.75,"[1.0, 0.0]"
25862,1074.0,3111202.75,"[1.0, 0.0]"
23678,1074.0,3111202.75,"[1.0, 0.0]"
91530,1074.0,3111202.75,"[1.0, 0.0]"
68344,1074.0,3111202.75,"[1.0, 0.0]"
13654,1074.0,3111202.75,"[1.0, 0.0]"
19693,1074.0,3111202.75,"[1.0, 0.0]"
5649,1074.0,3111202.75,"[1.0, 0.0]"
15837,1074.0,3111202.75,"[1.0, 0.0]"
54743,1074.0,3111202.75,"[1.0, 0.0]"
54125,1074.0,3111202.75,"[1.0, 0.0]"
76250,1074.0,3111202.75,"[1.0, 0.0]"
54820,1074.0,3111202.75,"[1.0, 0.0]"
76622,1074.0,3111202.75,"[1.0, 0.0]"
54480,1074.0,3111202.75,"[1.0, 0.0]"
76054,1074.0,3111202.75,"[1.0, 0.0]"
54261,10740.0,1250000.0,Arrendar
54660,1074.0,3111202.75,"[1.0, 0.0]"
76736,1074.0,3111202.75,"[1.0, 0.0]"
76895,1074.0,3111202.75,"[1.0, 0.0]"
54223,1074.0,3111202.75,"[1.0, 0.0]"
76248,1074.0,3111202.75,"[1.0, 0.0]"
76147,2418.0,4804980.75,"[0.0, 1.0]"
76122,1074.0,3111202.75,"[1.0, 0.0]"
54553,1074.0,3111202.75,"[1.0, 0.0]"
54313,1074.0,3111202.75,"[1.0, 0.0]"
76246,1074.0,3111202.75,"[1.0, 0.0]"
54250,1074.0,3111202.75,"[1.0, 0.0]"
76400,1074.0,3111202.75,"[1.0, 0.0]"
76606,1074.0,3111202.75,"[1.0, 0.0]"
54800,1074.0,3111202.75,"[1.0, 0.0]"
76233,1074.0,3111202.75,"[1.0, 0.0]"
54051,1074.0,3111202.75,"[1.0, 0.0]"
76318,1074.0,3111202.75,"[1.0, 0.0]"
54418,1074.0,3111202.75,"[1.0, 0.0]"
76041,1074.0,3111202.75,"[1.0, 0.0]"
54099,1074.0,3111202.75,"[1.0, 0.0]"
76113,1074.0,3111202.75,"[1.0, 0.0]"
54206,1074.0,3111202.75,"[1.0, 0.0]"
54344,1074.0,3111202.75,"[1.0, 0.0]"
76403,1074.0,3111202.75,"[1.0, 0.0]"
54347,1074.0,3111202.75,"[1.0, 0.0]"
76306,1074.0,3111202.75,"[1.0, 0.0]"
76892,1074.0,3111202.75,"[1.0, 0.0]"
76497,1074.0,3111202.75,"[1.0, 0.0]"
54810,1074.0,3111202.75,"[1.0, 0.0]"
54673,10740.0,1250000.0,Arrendar
54670,1074.0,3111202.75,"[1.0, 0.0]"
76100,1074.0,3111202.75,"[1.0, 0.0]"
54398,1074.0,3111202.75,"[1.0, 0.0]"
76001,19344.0,38439846.0,"[0.0, 8.0]"
76670,1745.25,1500000.0,Arrendar
76111,2418.0,4804980.75,"[0.0, 1.0]"
54172,1074.0,3111202.75,"[1.0, 0.0]"
54599,1074.0,3111202.75,"[1.0, 0.0]"
54385,1074.0,3111202.75,"[1.0, 0.0]"
54874,1074.0,3111202.75,"[1.0, 0.0]"
54174,1074.0,3111202.75,"[1.0, 0.0]"
76126,1074.0,3111202.75,"[1.0, 0.0]"
54720,1079.37,875000.0,Arrendar
76036,1074.0,3111202.75,"[1.0, 0.0]"
76563,1074.0,3111202.75,"[1.0, 0.0]"
54003,1074.0,3111202.75,"[1.0, 0.0]"
54405,1074.0,3111202.75,"[1.0, 0.0]"
54498,2418.0,4804980.75,"[0.0, 1.0]"
54109,1074.0,3111202.75,"[1.0, 0.0]"
76890,1074.0,3111202.75,"[1.0, 0.0]"
76520,3492.0,7916183.5,"[1.0, 1.0]"
76616,1074.0,3111202.75,"[1.0, 0.0]"
54680,1074.0,3111202.75,"[1.0, 0.0]"
76020,1074.0,3111202.75,"[1.0, 0.0]"
76863,1074.0,3111202.75,"[1.0, 0.0]"
54377,1074.0,3111202.75,"[1.0, 0.0]"
54128,1074.0,3111202.75,"[1.0, 0.0]"
54871,1074.0,3111202.75,"[1.0, 0.0]"
54239,1074.0,3111202.75,"[1.0, 0.0]"
76243,1074.0,3111202.75,"[1.0, 0.0]"
76823,1074.0,3111202.75,"[1.0, 0.0]"
76130,3222.0000000000005,2750000.0,Arrendar
76377,1074.0,3111202.75,"[1.0, 0.0]"
76845,1074.0,3111202.75,"[1.0, 0.0]"
76828,1074.0,3111202.75,"[1.0, 0.0]"
76869,1074.0,3111202.75,"[1.0, 0.0]"
68176,1074.0,3111202.75,"[1.0, 0.0]"
70670,1074.0,3111202.75,"[1.0, 0.0]"
85225,1074.0,3111202.75,"[1.0, 0.0]"
54518,1074.0,3111202.75,"[1.0, 0.0]"
25019,1074.0,3111202.75,"[1.0, 0.0]"
23466,1074.0,3111202.75,"[1.0, 0.0]"
86568,1074.0,3111202.75,"[1.0, 0.0]"
70215,1074.0,3111202.75,"[1.0, 0.0]"
52110,1074.0,3111202.75,"[1.0, 0.0]"
85139,1074.0,3111202.75,"[1.0, 0.0]"
13268,1074.0,3111202.75,"[1.0, 0.0]"
76834,2418.0,4804980.75,"[0.0, 1.0]"
73152,1074.0,3111202.75,"[1.0, 0.0]"
25040,1074.0,3111202.75,"[1.0, 0.0]"
25175,2418.0,4804980.75,"[0.0, 1.0]"
52835,3492.0,7916183.5,"[1.0, 1.0]"
18460,1074.0,3111202.75,"[1.0, 0.0]"
68147,1074.0,3111202.75,"[1.0, 0.0]"
73043,1074.0,3111202.75,"[1.0, 0.0]"
76275,1074.0,3111202.75,"[1.0, 0.0]"
8606,1074.0,3111202.75,"[1.0, 0.0]"
5284,1074.0,3111202.75,"[1.0, 0.0]"
25258,1074.0,3111202.75,"[1.0, 0.0]"
54520,1074.0,3111202.75,"[1.0, 0.0]"
91460,1074.0,3111202.75,"[1.0, 0.0]"
85400,1074.0,3111202.75,"[1.0, 0.0]"
15806,1074.0,3111202.75,"[1.0, 0.0]"
19517,1074.0,3111202.75,"[1.0, 0.0]"
73001,5910.0,12721164.25,"[1.0, 2.0]"
8573,1074.0,3111202.75,"[1.0, 0.0]"
52083,1074.0,3111202.75,"[1.0, 0.0]"
25758,1074.0,3111202.75,"[1.0, 0.0]"
27150,1074.0,3111202.75,"[1.0, 0.0]"
25299,1074.0,3111202.75,"[1.0, 0.0]"
25718,1074.0,3111202.75,"[1.0, 0.0]"
52240,1074.0,3111202.75,"[1.0, 0.0]"
54001,75180.00000000001,17500000.0,Arrendar
13001,8328.0,17526145.0,"[1.0, 3.0]"
5313,1074.0,3111202.75,"[1.0, 0.0]"
47720,1074.0,3111202.75,"[1.0, 0.0]"
13442,1074.0,3111202.75,"[1.0, 0.0]"
18410,1074.0,3111202.75,"[1.0, 0.0]"
18753,1074.0,3111202.75,"[1.0, 0.0]"
68250,1074.0,3111202.75,"[1.0, 0.0]"
5364,1074.0,3111202.75,"[1.0, 0.0]"
76364,2418.0,4804980.75,"[0.0, 1.0]"
27787,1074.0,3111202.75,"[1.0, 0.0]"
85230,1074.0,3111202.75,"[1.0, 0.0]"
73411,1074.0,3111202.75,"[1.0, 0.0]"
25885,1074.0,3111202.75,"[1.0, 0.0]"
63130,1074.0,3111202.75,"[1.0, 0.0]"
5756,1074.0,3111202.75,"[1.0, 0.0]"
54245,1074.0,3111202.75,"[1.0, 0.0]"
73408,1074.0,3111202.75,"[1.0, 0.0]"
23350,1074.0,3111202.75,"[1.0, 0.0]"
13620,1074.0,3111202.75,"[1.0, 0.0]"
25290,2418.0,4804980.75,"[0.0, 1.0]"
13894,1074.0,3111202.75,"[1.0, 0.0]"
15403,1074.0,3111202.75,"[1.0, 0.0]"
25899,2418.0,4804980.75,"[0.0, 1.0]"
63302,1074.0,3111202.75,"[1.0, 0.0]"
73770,1074.0,3111202.75,"[1.0, 0.0]"
50150,617.5500000000001,2000000.0,Arrendar
15087,1074.0,3111202.75,"[1.0, 0.0]"
27810,1074.0,3111202.75,"[1.0, 0.0]"
47570,1074.0,3111202.75,"[1.0, 0.0]"
86885,1074.0,3111202.75,"[1.0, 0.0]"
25269,2416.5,2500000.0,Arrendar
23580,1074.0,3111202.75,"[1.0, 0.0]"
17444,1074.0,3111202.75,"[1.0, 0.0]"
52051,1074.0,3111202.75,"[1.0, 0.0]"
76109,3492.0,7916183.5,"[1.0, 1.0]"
47189,2418.0,4804980.75,"[0.0, 1.0]"
8560,1074.0,3111202.75,"[1.0, 0.0]"
