dpmp,lat,lon,kmeans,som,agglomerative,dbscan
5001,6.2443382,-75.573553,2,4,1,0
5002,5.80498375,-75.4304641628398,2,4,1,0
5004,6.6319273,-76.0645541,2,4,1,0
5021,6.355965449999999,-75.09860996491068,2,4,1,0
5030,6.035448199999999,-75.70093,2,4,1,0
5031,7.0201156,-74.95163388200078,2,4,1,0
5034,5.6277103,-75.94516695018251,2,4,1,0
5036,6.131153899999999,-75.72075627092343,2,4,1,0
5038,6.8693472,-75.35301149467134,2,4,1,0
5040,7.0736127,-75.1466433,2,4,1,0
15832,5.71736945,-73.93126949176407,3,1,0,0
5044,6.31394255,-75.91804564673755,2,4,1,0
5045,7.8849011,-76.6227461,2,3,1,0
5051,8.8528266,-76.4273168,4,3,2,0
5055,5.7310785,-75.1428525,2,4,1,0
5059,6.1561777,-75.7870472,2,4,1,0
5079,6.438483250000001,-75.33912589828495,2,4,1,0
5088,6.334997,-75.5582665,2,4,1,0
5091,5.7451779,-75.9768362,2,4,1,0
5093,6.1134294,-75.9845433,2,4,1,0
5101,5.8500342,-76.0208666,2,4,1,0
5107,7.12021975,-75.58269735773685,2,4,1,0
5113,6.8110809,-75.92084701105912,2,4,1,0
5120,7.577089,-75.3514383,2,3,1,0
5125,6.42595665,-75.99210811258797,2,4,1,0
5129,6.05168765,-75.63035824143908,2,4,1,0
5134,7.07754205,-75.29439599536364,2,4,1,0
5138,6.7519854,-76.0261638,2,4,1,0
5142,6.4092756,-74.7566979,2,4,1,0
5145,5.5487065,-75.6444056,2,4,1,0
5147,7.79845155,-76.74603894250129,2,3,1,0
15476,5.6124101500000005,-73.37766150522931,0,1,0,0
5150,6.6570463,-75.0705303,2,4,1,0
5154,7.8276894,-75.04524822749215,4,3,1,0
5172,7.6129384,-76.63842602303447,2,3,1,0
5190,6.54522135,-75.0803002625695,2,4,1,0
5197,6.0580111,-75.1859102,2,4,1,0
5206,6.3952317,-75.2591598,2,4,1,0
5209,6.054602,-75.92456000839623,2,4,1,0
5212,6.3461047,-75.5080262,2,4,1,0
5234,7.0015209,-76.2666243,2,4,1,0
5237,6.4833333,-75.4,2,4,1,0
5240,6.32290965,-75.78343215226036,2,4,1,0
5250,7.6977101,-74.6222028245339,4,3,0,0
5264,6.5928214,-75.563170645712,2,4,1,0
5266,6.1701348,-75.587415,2,4,1,0
5282,5.8761736,-75.6915506750999,2,4,1,0
23675,9.33022695,-75.9948706725043,4,3,2,0
5306,6.6804539,-75.95338,2,4,1,0
5308,6.37580625,-75.43903067398595,2,4,1,0
5310,6.6815224,-75.2194104,2,4,1,0
27361,5.1593099,-76.685528,2,4,1,0
5315,6.87251,-75.21952230334287,2,4,1,0
5318,6.2800171,-75.4426875,2,4,1,0
5321,6.2342179,-75.1617452,2,4,1,0
5347,6.2076404,-75.7339685,2,4,1,0
5353,5.79761205,-75.91561016708425,2,4,1,0
5360,6.1724352,-75.6093254,2,4,1,0
5361,7.1723319,-75.7640925,2,4,1,0
5086,6.64684855,-75.68713438178065,2,4,1,0
5368,5.76440055,-75.76808042141812,2,4,1,0
5376,5.98430825,-75.44752287622777,2,4,1,0
5380,6.1576944,-75.6434368,2,4,1,0
5390,5.7466446,-75.6054273,2,4,1,0
5400,5.9737744,-75.3613093,2,4,1,0
5411,6.6781311,-75.8112309,2,4,1,0
5425,6.5535012,-74.7877474,2,4,1,0
5440,6.1752941,-75.3377995,2,4,1,0
5467,5.9458633,-75.5246825,2,4,1,0
5475,6.9782419,-76.8192432,2,4,1,0
5480,7.2440678,-76.436542,2,4,1,0
5483,5.609179,-75.17625,2,4,1,0
5490,8.4242821,-76.784019,4,3,1,0
5495,8.0938077,-74.7751988,4,3,2,0
5501,6.6276127,-75.8127419,2,4,1,0
5541,6.2542181,-75.23669725348444,2,4,1,0
5543,7.0216424,-75.9095164,2,4,1,0
5576,5.8195157,-75.85929487100182,2,4,1,0
5579,6.4899205,-74.4020634,0,4,1,0
5585,6.14048685,-74.71090923338866,2,4,1,0
5591,5.8689335,-74.6407965,2,4,1,0
5604,6.9839109,-74.54990969295002,2,0,0,0
5607,6.060275,-75.5095139,2,4,1,0
5615,6.1536166,-75.3741691,2,4,1,0
5628,6.920950550000001,-75.7820611226417,2,4,1,0
5631,6.1515344,-75.6153715,2,4,1,0
5642,5.9631358,-75.9791386,2,4,1,0
15189,5.38862195,-73.2780402877506,0,1,0,0
52699,1.2771407,-77.7290493009034,1,5,3,0
5652,5.875340100000001,-74.94699113475073,2,4,1,0
5656,6.4427228,-75.727937,2,4,1,0
68575,7.3480175,-73.8979783,0,0,0,0
68573,6.70128855,-73.9774782111397,0,0,0,0
5660,6.0428128,-74.9944061,2,4,1,0
5664,6.7456757,-75.4541053,2,4,1,0
5667,6.30792375,-75.01378704541548,2,4,1,0
5670,6.43070575,-74.94080256175135,2,4,1,0
5674,6.2826869,-75.3317647,2,4,1,0
5679,5.8721374,-75.57729401249455,2,4,1,0
5690,6.471221,-75.1643724,2,4,1,0
5697,6.12326265,-75.26507789581004,2,4,1,0
5736,7.27759545,-74.62121481377255,2,0,0,0
5761,6.5009582,-75.7424979,2,4,1,0
50370,3.2413296,-74.3510657,3,2,5,0
5789,5.67615565,-75.73232886815234,2,4,1,0
5790,7.5804751,-75.3998498,2,3,1,0
5792,5.864064,-75.8217932,2,4,1,0
5809,6.065428300000001,-75.80344879401983,2,4,1,0
5819,7.0072725,-75.71111495995895,2,4,1,0
5837,8.0950848,-76.728545,2,3,1,0
5842,6.91241705,-76.13863789577395,2,4,1,0
5847,6.3168685,-76.1344983,2,4,1,0
5854,7.165519,-75.438614,2,4,1,0
5856,5.6153841,-75.6247028,2,4,1,0
5858,6.7715902,-74.7973449,2,4,1,0
5861,5.9458914,-75.77601893549026,2,4,1,0
5885,6.71822975,-74.75288660542554,2,4,1,0
5887,7.008538,-75.4087701798245,2,4,1,0
5890,6.66856225,-74.63140126236799,2,4,1,0
5893,7.0044426,-73.9113922,0,0,0,0
5895,7.4925154,-74.8682314,2,3,0,0
8001,10.9938698,-74.7927177,4,3,2,0
8078,10.7684258,-74.9179523191095,4,3,2,0
8141,10.4903807,-74.86683760095967,4,3,2,0
8296,10.8968665,-74.8859608,4,3,2,0
8421,10.6221761,-75.14116485163257,4,3,2,0
8433,10.8653387,-74.7746194,4,3,2,0
8436,10.4470319,-74.9594166,4,3,2,0
8549,10.7483504,-75.1081639,4,3,2,0
8558,10.75828765,-74.86273693012016,4,3,2,0
8634,10.80408175,-74.77445095710297,4,3,2,0
8638,10.6307159,-74.9209378,4,3,2,0
8675,10.3244398,-74.9610815,4,3,2,0
8685,10.760241,-74.7561781,4,3,2,0
8758,10.9149593,-74.7821054,4,3,2,0
8770,10.30473315,-74.91403463227351,4,3,2,0
8832,10.8993966,-74.98631013631203,4,3,2,0
8849,10.7423787,-74.9778586,4,3,2,0
13006,8.602830449999999,-74.4586880450204,4,3,2,0
13042,8.4593685,-73.9429805,4,3,2,0
13052,10.2534632,-75.3427213,4,3,2,0
13062,10.24402435,-75.0283270068316,4,3,2,0
13140,10.2526122,-74.9146691,4,3,2,0
13160,7.3780007,-73.9150265,0,0,0,0
13188,9.2778539,-74.643809,4,3,2,0
13212,9.5868727,-74.8270428,4,3,2,0
13222,10.56180475,-75.3295539371322,4,3,2,0
13248,10.0312607,-74.9754413,4,3,2,0
13430,9.2412097,-74.7567413,4,3,2,0
13433,10.234262,-75.186894,4,3,2,0
13440,9.0574428,-74.22089490793826,4,3,2,0
13458,7.93057835,-74.40743965367216,4,3,0,0
13468,9.2426345,-74.4262293,4,3,2,0
13473,8.2763913,-73.8680272,4,3,2,0
13490,8.5419674,-74.0251545,4,3,2,0
13549,8.86475765,-74.40505554778633,4,3,2,0
13580,8.6650933,-73.8224537,4,3,2,0
13600,8.431423599999999,-73.78624036486244,4,3,2,0
13647,10.3992064,-75.1506023,4,3,2,0
13650,9.1078595,-74.37981056379536,4,3,2,0
13657,9.9254725,-75.0117976,4,3,2,0
13673,10.6523887,-75.2698898239459,4,3,2,0
13683,8.879608,-74.3643006,4,3,2,0
13744,7.9551827,-73.9449234,4,3,0,0
13760,10.3894704,-75.1369206,4,3,2,0
13780,9.3032374,-74.5654949,4,3,2,0
13810,8.5560603,-74.2631684,4,3,2,0
13836,10.3305871,-75.4127345,4,3,2,0
13838,10.233116,-75.448718562246,4,3,2,0
13873,10.4444032,-75.2730468,4,3,2,0
15001,5.5324313,-73.3616014,0,1,0,0
15022,4.971164,-73.3788228,3,1,0,0
15047,5.5175808,-72.88315,0,1,0,0
15051,5.75520695,-73.45137111659105,0,1,0,0
15090,5.2296018,-73.1262569496972,3,1,0,0
15092,5.92236905,-72.85902530278791,0,1,0,0
15097,6.33216125,-72.60951009870689,0,0,0,0
15104,5.4428193,-73.37452239255038,0,1,0,0
15106,5.6620095,-73.92082136747689,3,1,0,0
15109,5.661839,-73.6065757,0,1,0,0
15114,5.8507677000000005,-72.87440382813446,0,1,0,0
15131,5.57514545,-73.8829940342499,3,1,0,0
15135,4.998398699999999,-73.12033660522744,3,1,0,0
15162,5.97102995,-72.96814752050724,0,1,0,0
15172,5.2062439000000005,-73.33495822266192,3,1,0,0
15176,5.6182733,-73.8167476,3,1,0,0
15180,6.6767804,-72.40674385862157,0,0,0,0
15183,6.06537305,-72.43155745155386,0,0,0,0
15185,6.0279763,-73.4469335,0,1,0,0
15187,5.5803634,-73.24866201833882,0,1,0,0
15204,5.69161685,-73.30914700739038,0,1,0,0
15212,5.4467242,-74.03515722066024,3,1,0,0
15215,5.82400485,-72.83969508169977,0,1,0,0
15218,6.511988049999999,-72.73190454278291,0,0,0,0
15223,7.0020076,-72.1089218,0,0,0,0
15224,5.52521765,-73.44812666655619,0,1,0,0
15226,5.587281150000001,-72.95008542233742,0,1,0,0
15232,5.6053336,-73.4849171,0,1,0,0
15236,4.860095100000001,-73.35435288983632,3,1,0,0
15238,5.8277055,-73.0338939,0,1,0,0
15244,6.35469355,-72.4156710542612,0,0,0,0
15248,6.4825581,-72.4952026,0,0,0,0
15272,5.669188,-72.9933907,0,1,0,0
15276,5.862837150000001,-72.9300059966024,0,1,0,0
15293,5.7422941000000005,-73.53603985241656,0,1,0,0
15296,5.8019513,-72.8049747,0,1,0,0
15299,5.0822246,-73.3643092,3,1,0,0
15317,6.443237099999999,-72.51624238245242,0,0,0,0
15322,5.0226102,-73.49199017070515,3,1,0,0
15325,4.937329,-73.49967354962982,3,1,0,0
15332,6.4616779,-72.4119937,0,0,0,0
15362,5.61966755,-72.96139284084254,0,1,0,0
15367,5.3728385,-73.38852474734892,3,1,0,0
15368,6.13734945,-72.5818887747854,0,0,0,0
15377,5.54539925,-72.5974873013792,0,1,0,0
15380,5.1111878,-73.45666528085088,3,1,0,0
15401,5.5152589,-74.23548917208618,3,1,0,0
15425,4.98185045,-73.28546066152629,3,1,0,0
15442,5.5495156,-74.0046921,3,1,0,0
15455,5.1514125,-73.17051515322876,3,1,0,0
15464,5.69745905,-72.68591886709874,0,1,0,0
15466,5.6981559,-72.83192673587394,0,1,0,0
15469,5.8763096,-73.5732077,0,1,0,0
15480,5.5321291,-74.1027796,3,1,0,0
15491,5.7705609,-72.9397458,0,1,0,0
15494,5.3528931,-73.44768916765554,3,1,0,0
15500,5.6170796,-73.27484921284284,0,1,0,0
15507,5.6599976,-74.1816643,3,1,0,0
15511,5.14969005,-73.40449162873,3,1,0,0
15514,5.0943443,-72.98790672151398,3,1,0,0
15516,5.7812701,-73.1176532,0,1,0,0
15518,5.37354545,-72.67528897729841,0,1,0,0
15522,6.4426674,-72.4590342,0,0,0,0
15531,5.69296165,-73.99311972509602,3,1,0,0
15533,5.65292525,-72.37592148995437,0,1,0,0
15542,5.5582793,-73.0514809,0,1,0,0
15550,5.73589315,-72.43887654156455,0,1,0,0
15572,5.9756376,-74.5882837,2,4,1,0
15580,5.52297,-74.1812499,3,1,0,0
15599,5.3291259,-73.30420599813321,3,1,0,0
15600,5.4969333,-73.6252565720087,3,1,0,0
15621,5.3607436,-73.19729006157985,0,1,0,0
15632,5.6975265,-73.7656779,0,1,0,0
15638,5.57776855,-73.53993302727949,0,1,0,0
15646,5.4917892,-73.48529,0,1,0,0
15660,5.2370004,-73.05266459503862,0,1,0,0
15673,6.41672195,-72.57682123606187,0,0,0,0
15686,6.055599150000001,-73.48209236741033,0,1,0,0
15690,4.82084225,-73.2718839001036,3,1,0,0
15696,5.7333558,-73.60500527932183,0,1,0,0
15720,6.1259742,-72.7446892606064,0,0,0,0
15723,6.0625729,-72.68607204851938,0,0,0,0
15740,5.4879559,-73.211985110575,0,1,0,0
15753,6.3218894,-72.70097148679578,0,0,0,0
15755,6.0412437,-72.6365858,0,0,0,0
15757,5.997488,-72.6911515,0,1,0,0
15759,5.7148307,-72.9279328,0,1,0,0
15761,4.96186165,-73.43335563105981,3,1,0,0
15762,5.5840044,-73.43839890264834,0,1,0,0
15763,5.78568085,-73.25921165504153,0,1,0,0
15764,5.4814276,-73.32177716265338,0,1,0,0
15774,6.23229415,-72.69185715516117,0,0,0,0
15776,5.637484049999999,-73.62751681530906,0,1,0,0
15778,5.02438415,-73.42675385147206,3,1,0,0
15790,5.89835385,-72.7578745073439,0,1,0,0
15798,5.076382150000001,-73.41736086183475,3,1,0,0
15804,5.31086645,-73.39118303864569,3,1,0,0
15808,5.572943,-73.67092178191179,3,1,0,0
15810,6.4279842,-72.70010777857352,0,0,0,0
15814,5.5771231,-73.16845002049493,0,1,0,0
15820,5.76645735,-72.8403633596765,0,1,0,0
15822,5.4766073,-73.01337605028996,0,1,0,0
15835,5.3240877,-73.4905833,3,1,0,0
15839,6.073991299999999,-72.86241934189341,0,1,0,0
15842,5.22123,-73.457038,3,1,0,0
15861,5.3666155,-73.5216361,3,1,0,0
15879,5.44749285,-73.26671745179924,0,1,0,0
15897,5.2821538,-73.16696532729358,0,1,0,0
17001,5.0743694,-75.50811667440546,2,4,1,0
17013,5.613113,-75.4575902,2,4,1,0
17042,5.2337519,-75.7856623,2,4,1,0
17050,5.2711368,-75.4904079,2,4,1,0
17088,4.994718,-75.8122627,2,4,1,0
17174,4.9830232,-75.6054129,2,4,1,0
17272,5.2963713,-75.5622217,2,4,1,0
17380,5.53303205,-74.67829275560659,3,4,5,0
17388,5.3989301,-75.54777,2,4,1,0
17433,5.253198,-75.1544544,2,4,5,0
17442,5.4746415,-75.5988438,2,4,1,0
17446,5.2841316,-75.2595401,2,4,5,0
17486,5.1917458,-75.5195161896838,2,4,1,0
17495,5.5758643,-74.8881645,2,4,5,0
17513,5.5272323,-75.4594449,2,4,1,0
17524,5.0203683,-75.6223394,2,4,1,0
17541,5.3833488,-75.1609683,2,4,5,0
17614,5.4209549,-75.7030623,2,4,1,0
17616,5.1635531,-75.7673963,2,4,1,0
17653,5.4079215,-75.4880202,2,4,1,0
17662,5.4127804,-74.992031,2,4,5,0
17665,5.0808725,-75.7918992,2,4,1,0
17777,5.4533321,-75.651965,2,4,1,0
17867,5.3167944,-74.9120079,2,4,5,0
17873,5.0449697,-75.5151258,2,4,1,0
17877,5.0618565,-75.8734996,2,4,1,0
18001,1.6158666,-75.6143045,1,5,3,0
18029,1.2315264,-75.89204331320687,1,5,3,0
18205,1.0326931,-75.9193814,1,5,3,0
18247,1.6815919,-75.2844565,1,5,3,0
18256,1.77363045,-75.37435787949454,1,5,3,0
18479,1.4874697,-75.724859,1,5,3,0
18592,1.909392,-75.1530969,1,5,3,0
18756,0.2407577,-72.52169776875364,5,2,4,-1
18785,0.8767264,-75.6190438,1,5,3,0
18860,1.1961248,-75.7059684,1,5,3,0
19001,2.4422295,-76.6072368,1,5,3,0
19022,1.9142744,-76.8548514,1,5,3,0
19050,2.2568076,-77.2494094,1,5,3,0
19075,2.042096,-77.2157842,1,5,3,0
19100,1.87332785,-76.99193235090075,1,5,3,0
19110,3.0165467,-76.6406849,1,5,3,0
19130,2.6231693,-76.5693504,1,5,3,0
19137,2.796326,-76.4836526,1,5,3,0
19142,3.0336985,-76.4085199,1,5,3,0
19212,3.14393065,-76.20024889711436,1,5,3,0
19256,2.4511923,-76.8117409,1,5,3,0
19290,1.6830289,-77.0726877,1,5,3,0
19300,3.1323331,-76.3916018,1,5,3,0
19318,2.5708069,-77.882619,1,5,3,0
19355,2.5500211,-76.0643978,1,5,3,0
19364,2.7776822,-76.3243788,1,5,3,0
19392,2.1763552,-76.7634852,1,5,3,0
19397,2.05257275,-76.77593835691735,1,5,3,0
19418,2.847624,-77.247802,1,5,3,0
19450,1.7984873,-77.1610748,1,5,3,0
19455,3.2511475,-76.2291572,1,5,3,0
19473,2.8438981,-76.84888196874124,1,5,3,0
19513,3.2254364,-76.3139739,1,5,3,0
19532,2.07501,-77.0616762,1,5,3,0
19533,1.1185119,-76.3265519,1,5,3,0
19548,2.6404294,-76.5325746,1,5,3,0
19573,3.2288972,-76.4192267,1,5,3,0
19585,2.3811038,-76.4551183,1,5,3,0
19622,2.2621018,-76.7392875,1,5,3,0
19701,2.9800188,-76.4342363954404,1,5,3,0
19743,2.6115436,-76.378424,1,5,3,0
19760,2.2217752,-76.6285316,1,5,3,0
19780,2.9543543,-76.6948801,1,5,3,0
19785,2.0382339,-76.9249937,1,5,3,0
19807,2.352893,-76.6838869,1,5,3,0
19809,2.660892,-77.42770536413153,1,5,3,0
19821,2.9554697,-76.2686889,1,5,3,0
19824,2.5109533,-76.4011501,1,5,3,0
19845,3.1819317,-76.46022266463663,1,5,3,0
20001,10.4651733,-73.2529512,4,3,2,0
20011,8.309416,-73.603699,4,3,2,0
20013,10.0374894,-73.2387011,4,3,2,0
20032,9.4962322,-73.9756293,4,3,2,0
20045,9.75308145,-73.24380167238729,4,3,2,0
20060,9.9730446,-73.8860998,4,3,2,0
20175,9.2576662,-73.8126883,4,3,2,0
20178,9.3636401,-73.6016974,4,3,2,0
20228,9.1995316,-73.5440609,4,3,2,0
20238,10.1492075,-73.9611708,4,3,2,0
20250,9.6589481,-73.7504695,4,3,2,0
20295,8.32013985,-73.71478502643384,4,3,2,0
20310,8.39523625,-73.37369796604557,4,3,0,0
20383,8.6182682,-73.8013876,4,3,2,0
20443,10.3653333,-72.9976389,4,3,2,0
20517,8.9589902,-73.6216938,4,3,2,0
20550,8.6857187,-73.6690054,4,3,2,0
20570,10.4119057,-73.5909603,4,3,2,0
20621,10.3866045,-73.1710014,4,3,2,0
20710,7.7611095,-73.3932831,0,0,0,0
20750,10.3326328,-73.1796691,4,3,2,0
20770,8.0019296,-73.5121466,0,0,0,0
20787,8.8568265,-73.8157539,4,3,2,0
23001,8.6046053,-75.97832027208273,4,3,2,0
23068,8.3116711,-75.1445022,4,3,2,0
23079,8.19029515,-75.45194933214269,4,3,2,0
23090,8.7128498,-76.25202529573784,4,3,2,0
23162,8.8852282,-75.7922421,4,3,2,0
23168,9.1496167,-75.629046,4,3,2,0
23182,9.1063553,-75.3989007,4,3,2,0
23300,9.0400712,-75.7863907,4,3,2,0
23417,9.2394583,-75.8139786,4,3,2,0
23419,8.8922529,-76.3549184,4,3,2,0
23464,9.2377862,-75.6763936,4,3,2,0
23500,9.2460394,-76.1315965,4,3,2,0
23555,8.305347300000001,-75.60640823617896,4,3,2,0
23570,8.4625524,-75.40046403716812,4,3,2,0
23574,9.0142629,-76.2625983,4,3,2,0
23586,9.29077845,-75.7401407,4,3,2,0
23660,8.79743105,-75.45217724273058,4,3,2,0
23670,9.1457678,-75.5090819,4,3,2,0
23672,9.373016,-75.7595056,4,3,2,0
23686,8.9920713,-75.90462715586233,4,3,2,0
23807,8.171791,-76.0601328,4,3,1,0
23815,9.1865401,-75.5551384,4,3,2,0
23855,8.1995857,-76.20309098658663,4,3,1,0
25035,4.549019,-74.5356507,3,1,5,0
25053,4.2723465,-74.4145486,3,2,5,0
25086,4.469191,-74.2288529,3,2,5,0
25095,4.8720675,-74.5392117,3,1,5,0
25099,4.68792135,-74.32500216127059,3,1,5,0
25120,3.9852044,-74.4843363,3,2,5,0
25123,4.728267649999999,-74.46097767305267,3,1,5,0
25126,4.9172215,-74.0255474,3,1,5,0
25148,5.3461338,-74.4916464,3,1,0,0
25151,4.4057096,-73.9459215,3,2,5,0
25168,4.9496796,-74.5947984,3,1,5,0
25178,4.4070793,-74.0697039,3,2,5,0
25181,4.5822005,-73.9137287,3,1,5,0
25183,5.1459409,-73.6839512,3,1,0,0
25200,5.10852035,-73.9599328011159,3,1,5,0
25214,4.8093624,-74.1015739,3,1,5,0
25224,5.2476767,-73.7646029,3,1,0,0
25245,4.5802618,-74.442374,3,1,5,0
25260,4.884139,-74.23629913943603,3,1,5,0
25279,4.4871667,-73.8933937,3,1,5,0
25281,4.3388252,-73.9384985,3,2,5,0
25286,4.7163036,-74.2122206,3,1,5,0
25288,5.4083822,-73.77339414321521,3,1,0,0
25293,4.6642049,-73.49116054386022,3,1,0,0
25295,4.9920291,-73.8721107,3,1,5,0
25297,4.8703697,-73.62001428324348,3,1,0,0
25307,4.8034052,-74.3524649,3,1,5,0
25312,4.5195,-74.3515928,3,1,5,0
25317,5.3858889,-73.6910556,3,1,0,0
25320,5.0674669,-74.5950774,3,1,5,0
25322,4.8664391,-73.8776944,3,1,5,0
25324,4.5181995,-74.7899996,3,2,5,0
25326,4.9043435,-73.77995046211434,3,1,5,0
25335,4.2163422,-73.8153965,3,2,5,0
25339,4.1661933,-74.0276385,3,2,5,0
25368,4.5623901,-74.6942067,3,1,5,0
25372,4.7901837,-73.6631717,3,1,0,0
25377,4.7068245,-73.93208461102986,3,1,5,0
25386,4.6480047,-74.48917797514275,3,1,5,0
25394,5.3606208,-74.3905123,3,1,0,0
25398,5.1976554,-74.3941494,3,1,5,0
25402,4.9784445,-74.34892912508252,3,1,5,0
25407,5.298544,-73.7105102,3,1,0,0
25426,5.0833333,-73.65,3,1,0,0
25430,4.7333686,-74.2629794,3,1,5,0
25436,5.0086703,-73.5412332,3,1,0,0
25438,4.510562,-73.3507441,3,1,5,0
25473,4.7002001,-74.2385058,3,1,5,0
25483,4.3981229,-74.8279301,3,2,5,0
25486,5.09723315,-73.87473408103918,3,1,5,0
25488,4.3065906,-74.6197608,3,2,5,0
25489,5.125392,-74.3853502,3,1,5,0
25491,5.0697674,-74.3775222,3,1,5,0
25506,4.0889462,-74.4784456,3,2,5,0
25513,5.1301473,-74.1583128,3,1,5,0
25518,5.3708048,-74.1528181,3,1,0,0
25524,4.192251,-74.4860101,3,2,5,0
25530,4.3765197,-73.2125493,3,1,5,0
25535,4.29722035,-74.27788845286062,3,2,5,0
25572,5.4648005,-74.6550167,3,4,5,0
25580,4.6809255,-74.7135542,3,1,5,0
25592,5.117231,-74.4793643,3,1,5,0
25594,4.2979417,-73.8723889,3,2,5,0
25596,4.7454432,-74.53378,3,1,5,0
25599,4.520545,-74.5938265,3,2,5,0
25612,4.2777357,-74.7718165,3,2,5,0
25649,4.1785583,-74.4211091,3,2,5,0
25653,4.77642895,-73.93921373466685,3,1,5,0
25658,4.953252,-74.26457303919443,3,1,5,0
25736,5.0446176,-73.7963901,3,1,5,0
25740,4.46600575,-74.26272399106114,3,2,5,0
25743,4.4034202,-74.387702,3,2,5,0
25745,5.5113056,-73.8636944,3,1,0,0
25754,4.5821413,-74.2197178,3,1,5,0
25769,4.9659026,-74.16685812388023,3,1,5,0
25772,5.1033413,-73.7990059,3,1,5,0
25777,5.0596944,-74.2391667,3,1,5,0
25779,5.4624444,-73.8015556,3,1,0,0
25781,5.23773375,-73.8549403620673,3,1,0,0
25785,4.7666667,-73.9333333,3,1,5,0
25793,5.1949264500000005,-73.95630757362419,3,1,5,0
25797,4.646580200000001,-74.40078036307561,3,1,5,0
25799,4.827453650000001,-74.15298508858267,3,1,5,0
25805,4.3480556,-74.4544722,3,2,5,0
25807,5.1,-73.5333333,3,1,0,0
25815,4.4579274,-74.6342234,3,2,5,0
25817,4.9666667,-73.9166667,3,1,5,0
25823,5.3353896,-74.3026812,3,1,0,0
25839,4.745638,-73.5329786,3,1,0,0
25841,4.501443,-73.9710295,3,1,5,0
25845,4.2982261,-74.0778924,3,2,5,0
25851,5.1879202,-74.4814775,3,1,5,0
25867,4.87426,-74.5624055,3,1,5,0
25871,5.2731679,-74.1951778,3,1,0,0
25873,5.2215207,-73.58989,3,1,0,0
25875,5.0112575,-74.4702304,3,1,5,0
25878,4.4388882,-74.5233576,3,2,5,0
25898,4.7527665,-74.37956884963012,3,1,5,0
27001,5.6923407,-76.6583801,2,4,1,0
27025,5.66597705,-77.07963299910071,2,4,1,0
27050,6.10046955,-76.73104071357858,2,4,1,0
27073,5.51161755,-76.19736199624307,2,4,1,0
27075,6.2245644,-77.4034389,2,4,1,0
27077,5.00181755,-77.15804531320393,2,5,1,0
27099,6.4417196,-77.05457212780672,2,4,1,0
27160,5.3719043,-76.6085751,2,4,1,0
27205,5.09567995,-76.51148371740939,2,4,1,0
27372,7.1031695,-77.7623252,2,4,1,-1
27413,5.5844842,-76.37256485604007,2,4,1,0
27425,6.011108549999999,-76.69106336626541,2,4,1,0
27430,5.14914535,-76.98575817260554,2,4,1,0
27450,4.81262305,-76.83608432189774,2,5,1,0
27491,4.84297795,-76.64453348254622,2,5,1,0
27495,5.75157385,-77.2153629506993,2,4,1,0
27580,5.17985665,-76.44284478933093,2,4,1,0
27600,5.5515206,-76.79313608679024,2,4,1,0
27615,7.4365576,-77.1122594,2,4,1,0
27745,4.5649239,-76.52090577847483,2,5,1,0
27800,8.0412373,-77.0933751,2,3,1,0
41001,2.9257038,-75.2893937,1,5,3,0
41006,1.8070452,-75.888501,1,5,3,0
41013,2.2632959,-75.71500368269609,1,5,3,0
41016,3.2223559,-75.239962,3,5,5,0
41020,2.5046806000000004,-75.30394808020054,1,5,3,0
41026,2.0823259,-75.775479410223,1,5,3,0
41078,3.0892735,-74.94483496007308,3,5,5,0
41132,2.6851032,-75.3263227,1,5,3,0
41206,3.42610515,-74.7007224339793,3,2,5,0
41244,2.0136193,-75.9392336,1,5,3,0
41298,2.1960126,-75.6274845,1,5,3,0
41306,2.3948453,-75.52692389190892,1,5,3,0
41319,2.0248785,-75.7564049,1,5,3,0
41349,2.5654554000000003,-75.44577481740046,1,5,3,0
41357,2.6499277,-75.6352082,1,5,3,0
41359,2.06774625,-76.32055767602571,1,5,3,0
41378,2.18606185,-76.01276506104725,1,5,3,0
41396,2.3894154,-75.8926236,1,5,3,0
41483,2.5769586,-75.7951200743144,1,5,3,0
41503,2.0235756,-75.995126,1,5,3,0
41518,2.4487125,-75.7747485,1,5,3,0
41524,2.8896962,-75.4346589,1,5,3,0
41530,1.7229505,-76.1311882,1,5,3,0
41548,2.25746925,-75.8339699166117,1,5,3,0
41551,1.8171632,-76.10213621847218,1,5,3,0
41615,2.7776396,-75.2572183,1,5,3,0
41660,1.993142,-76.0450355,1,5,3,0
41676,2.9374927,-75.5867503,1,5,3,0
41770,1.9772874,-75.7946272,1,5,3,0
41791,2.12777655,-75.86771559734223,1,5,3,0
41797,2.4855806,-75.7273303,1,5,3,0
41799,3.067211,-75.1392845,3,5,5,0
41801,2.7416333,-75.5683448,1,5,3,0
41807,1.95016885,-75.92657973750607,1,5,3,0
41872,3.2195402,-75.2190257,3,5,5,0
41885,2.6628774,-75.516008,1,5,3,0
44001,11.5352153,-72.9119566,4,3,2,0
44035,11.2448034,-72.51609706675976,4,3,2,0
44078,10.9782843,-72.6961176191123,4,3,2,0
44090,11.2716722,-73.3078999,4,3,2,0
44098,10.9118556,-72.9451253818429,4,3,2,0
44110,10.6284107,-72.87309324366868,4,3,2,0
44279,10.7773005,-72.7985609,4,3,2,0
44378,11.0675576,-72.7600808,4,3,2,0
44430,11.4048743,-72.31316022980582,4,3,2,0
44560,11.625262,-72.60433371486387,4,3,2,0
44847,11.7148608,-72.265783,4,3,2,0
44855,10.4955425,-72.93605370396224,4,3,2,0
44874,10.59092785,-72.99240630315924,4,3,2,0
47001,11.2320944,-74.1950916,4,3,2,0
47030,10.22268125,-74.120518108874,4,3,2,0
47053,10.5906011,-74.1876803,4,3,2,0
47058,9.8005467,-74.05995463102235,4,3,2,0
47161,10.3269546,-74.8690124,4,3,2,0
47170,10.0269357,-74.6208028,4,3,2,0
47205,10.23088415,-74.75862405348146,4,3,2,0
47245,9.0049173,-73.9738472,4,3,2,0
47258,10.4042864,-74.8243075,4,3,2,0
47268,10.612076,-74.2695268,4,3,2,0
47288,10.4593846,-73.84120905775575,4,3,2,0
47318,9.144026,-74.2236605,4,3,2,0
47460,9.8018198,-74.3923786,4,3,2,0
47541,10.1901696,-74.9141714,4,3,2,0
47551,10.4654031,-74.6169599,4,3,2,0
47555,9.7904163,-74.7820016,4,3,2,0
47605,10.7020154,-74.7170111,4,3,2,0
47675,10.4902585,-74.7937782,4,3,2,0
47703,9.3550021,-74.27631933969545,4,3,2,0
47707,9.3229035,-74.5696573,4,3,2,0
47745,10.7770014,-74.7206038,4,3,2,0
47798,9.9003487,-74.8589973,4,3,2,0
47960,10.13681375,-74.68730059864467,4,3,2,0
47980,10.79680915,-74.1807898427695,4,3,2,0
50001,4.11145945,-73.4967836258948,3,2,5,0
50006,3.9887317,-73.767432,3,2,5,0
50124,4.3129278,-72.92879921654097,3,2,5,0
50223,3.7943159,-73.8390382,3,2,5,0
50226,4.2711674,-73.4877694,3,2,5,0
50245,4.3518203,-73.7146617,3,2,5,0
50251,3.5647959,-73.7942913,3,2,5,0
50270,3.7393505,-73.8350537,3,2,5,0
50313,3.548259,-73.7051174,3,2,5,0
50318,3.8772676,-73.770142,3,2,5,0
50325,2.8933959,-72.132043,3,2,4,-1
50330,3.10260845,-74.1309723909628,3,2,5,0
50350,2.1833828,-73.7857879,3,2,4,-1
50400,3.5265098,-74.0226232,3,2,5,0
50450,2.77307455,-72.68629021595169,3,2,4,1
50568,4.3120724,-72.0829509,3,1,0,-1
50573,4.085013,-72.9584671,3,2,5,0
50577,3.2697276,-73.3756016,3,2,5,0
50590,2.9402122,-73.2051337,3,2,4,0
50606,4.2615882,-73.5630377,3,2,5,0
50686,4.4585632,-73.6771583,3,1,5,0
50689,3.6943897,-73.6952914,3,2,5,0
50711,2.7694498,-73.69177968047356,3,2,4,-1
52001,1.2140275,-77.2785096,1,5,3,0
52019,1.4737301,-77.06471470877503,1,5,3,0
52022,0.8822547,-77.7003164,1,5,3,0
52036,1.2615284,-77.5147482,1,5,3,0
52079,1.6741037,-78.1364951,1,5,3,0
52203,1.6310467000000002,-77.03632050683669,1,5,3,0
52207,1.2082795,-77.4656149,1,5,3,0
52210,0.91092355,-77.54985083876514,1,5,3,0
52215,0.8535232,-77.5179186,1,5,3,0
52224,0.87509105,-77.74201138435923,1,5,3,0
52227,0.9092082,-77.788906,1,5,3,0
52233,1.6476758,-77.5783622,1,5,3,0
52250,2.4798209,-78.110793,1,5,3,0
52254,1.4539198,-77.4403098,1,5,3,0
52256,1.7432036,-77.3350718,1,5,3,0
52260,1.4081573,-77.3918509,1,5,3,0
52287,0.9999978,-77.4489436,1,5,3,0
52317,0.9573434,-77.7333581,1,5,3,0
52320,1.1305245,-77.5483421,1,5,3,0
52323,0.9200211,-77.5661383,1,5,3,0
52352,0.9698295,-77.5201636,1,5,3,0
52354,1.0554687,-77.4958319,1,5,3,0
52356,0.8236934,-77.6349296,1,5,3,0
52378,1.6003354,-76.9711667,1,5,3,0
52381,1.2986074,-77.4044845,1,5,3,0
52385,1.4731983,-77.580349,1,5,3,0
52390,2.3995791,-78.1882925,1,5,3,0
52399,1.5989976,-77.1305999,1,5,3,0
52405,1.9356061,-77.3068188,1,5,3,0
52411,1.3516458,-77.5235169,1,5,3,0
52418,1.4932789,-77.5210552,1,5,3,0
52427,1.7650993,-78.1814965357527,1,5,3,0
52435,1.1889965500000002,-77.87056516353007,1,5,3,0
52473,2.5073167,-78.4532072,1,5,3,0
52480,1.2906755,-77.3578572,1,5,3,0
52490,2.31012795,-78.30420998483137,1,5,3,0
52506,1.0297274500000002,-77.54811325840083,1,5,3,0
52520,2.08605775,-78.59819256677281,1,5,3,0
52540,1.6284964,-77.4598774,1,5,3,0
52560,0.7340175,-77.40917648770488,1,5,3,0
52565,1.2420408,-77.6009953089243,1,5,3,0
52573,0.79961565,-77.25644692076256,1,5,3,0
52585,0.8707969,-77.6419358,1,5,3,0
52612,1.213249,-77.9945007,1,5,3,0
52621,1.86934395,-78.36942926413147,1,5,3,0
52678,1.3385009,-77.5929381,1,5,3,0
52683,1.2863843,-77.4710722,1,5,3,0
52685,1.533534,-77.01845480416105,1,5,3,0
52687,1.5031548,-77.2153366,1,5,3,0
52693,1.6788623,-76.98917396998229,1,5,3,0
52696,2.3242097,-77.92731431479726,1,5,3,0
52720,1.0377201,-77.6209192,1,5,3,0
52786,1.5696216,-77.2772963,1,5,3,0
52788,1.0945975,-77.3941006,1,5,3,0
52838,1.0877024,-77.6188242,1,5,3,0
52885,1.1222843,-77.4291925058931,1,5,3,0
63001,4.491976149999999,-75.74135085294314,2,5,1,0
63111,4.3599482,-75.7387226,2,5,1,0
63190,4.6075667,-75.66670665407705,2,5,1,0
63212,4.3900715,-75.6858247,2,5,1,0
63272,4.6750767,-75.6579957,2,5,1,0
63401,4.4512175,-75.7887314,2,5,1,0
63470,4.5664176,-75.7507081,2,5,1,0
63548,4.3341444,-75.7038062,2,5,1,0
63594,4.6130979,-75.80234095839032,2,5,1,0
63690,4.6373012,-75.569799,2,5,1,0
66001,4.8143159,-75.6946778,2,4,1,0
66045,5.1065543,-75.9425022,2,4,1,0
66075,4.9233884,-75.93617852899459,2,4,1,0
66170,4.8339551,-75.6713013,2,4,1,0
66318,5.3157895,-75.7994422,2,4,1,0
66383,4.98010335,-76.00237081575328,2,4,1,0
66400,4.8995993,-75.8825661,2,4,1,0
66440,4.958390400000001,-75.75412090312753,2,4,1,0
66456,5.4065243,-75.96360048247402,2,4,1,0
66572,5.2215828,-76.0302092,2,4,1,0
66594,5.32616335,-75.72186840046231,2,4,1,0
66687,5.0732065,-75.9624682,2,4,1,0
68001,7.1255169,-73.1182624,0,0,0,0
68013,6.162366,-73.5215686,0,1,0,0
68020,5.7587654,-73.9151617,3,1,0,0
68051,6.6945729,-73.0187027,0,0,0,0
68077,5.9326035,-73.6124368,0,1,0,0
68079,6.6357215,-73.2232242,0,0,0,0
68081,7.0673313,-73.8525627,0,0,0,0
68092,6.9006397,-73.2835591,0,0,0,0
68101,5.9899805,-73.770548,0,1,0,0
68121,6.5933521,-73.2463975,0,0,0,0
68132,7.3480915,-72.9459294,0,0,0,0
68152,6.6273516,-72.6260967,0,0,0,0
68160,6.74590095,-72.92942881668318,0,0,0,0
68162,6.8435992,-72.6939627,0,0,0,0
68167,6.2881742,-73.148289,0,0,0,0
68169,7.2807986,-72.9682259,0,0,0,0
68179,6.0624774,-73.6372532,0,1,0,0
68190,6.3145415,-73.9496809,0,0,0,0
68207,6.7682934,-72.694484,0,0,0,0
68209,6.3559746,-73.2409632,0,0,0,0
68211,6.290737,-73.4745564,0,0,0,0
68217,6.24050595,-72.99173070370512,0,0,0,0
68229,6.61280515,-73.01687869333793,0,0,0,0
68245,6.2452658,-73.4975606,0,0,0,0
68255,7.52300075,-73.19786585908766,0,0,0,0
68264,6.1380098,-73.0986366,0,0,0,0
68266,6.6498446,-72.68173548149151,0,0,0,0
68271,5.786913200000001,-73.97024265744398,3,1,0,0
68276,7.0625358,-73.0858228,0,0,0,0
68296,6.6379098,-73.2874531,0,0,0,0
68298,5.91628015,-73.31589722541469,0,1,0,0
68307,7.0732333,-73.1689196,0,0,0,0
68318,6.8760761,-72.8557642,0,0,0,0
68320,6.2468169,-73.4181815,0,0,0,0
68322,6.3083058,-73.3212326,0,0,0,0
68324,5.9542651,-73.6997882,0,1,0,0
68327,6.035725899999999,-73.56632393257743,0,1,0,0
68368,5.84962975,-73.83068053057991,0,1,0,0
68370,6.712707050000001,-73.09245379163566,0,0,0,0
68377,5.8588396,-73.9658291,0,1,0,0
68385,6.361973900000001,-73.7773019855766,0,0,0,0
68397,6.2351339,-73.62071797087734,0,0,0,0
68406,7.1138415,-73.2174056,0,0,0,0
68418,6.8196383,-73.09437586724192,0,0,0,0
68425,6.5060841,-72.5925353,0,0,0,0
68432,6.699661,-72.7324563,0,0,0,0
68444,7.3230808,-73.0155679,0,0,0,0
68464,6.50244055,-72.97679199973126,0,0,0,0
68468,6.63611175,-72.82142609018902,0,0,0,0
68498,6.3406733,-73.1220123,0,0,0,0
68500,6.23148355,-73.27403107175154,0,0,0,0
68502,6.3438974,-72.816606,0,0,0,0
68522,6.538635,-73.2916928,0,0,0,0
68533,6.416541,-73.1693988,0,0,0,0
68547,6.9874808,-73.0504129,0,0,0,0
68549,6.5322505,-73.1732298,0,0,0,0
68572,5.8770962,-73.6791063,0,1,0,0
68615,7.4792888,-73.38270064117279,0,0,0,0
68669,6.8100668,-72.8506351,0,0,0,0
68679,6.5552856,-73.1312353,0,0,0,0
68682,6.4710188,-72.84519610985728,0,0,0,0
68686,6.5759286,-72.6455489,0,0,0,0
68705,6.9632242,-72.90556454913832,0,0,0,0
68745,6.682480549999999,-73.79169247714768,0,0,0,0
68755,6.470518,-73.2623187,0,0,0,0
68770,6.1257536,-73.36271466241944,0,1,0,0
68773,6.015965,-74.012109978448,0,1,0,0
68780,7.3664929,-72.9847362,0,0,0,0
68820,7.2020629,-72.9663733,0,0,0,0
68861,6.2432526,-73.7053825169336,0,0,0,0
68867,7.3092643,-72.8718075,0,0,0,0
68872,6.6712394,-73.1753984,0,0,0,0
68895,6.8166596,-73.2686529,0,0,0,0
70001,9.31542935,-75.42832991993517,4,3,2,0
70110,9.32206885,-74.96898027885466,4,3,2,0
70124,8.7700815,-75.13976546330102,4,3,2,0
70204,9.4941082,-75.3530874,4,3,2,0
70221,9.40566005,-75.64813613668375,4,3,2,0
70230,9.5423971,-75.3129471,4,3,2,0
70233,9.1037704,-75.1952621,4,3,2,0
70235,9.1209664,-74.96602748910914,4,3,2,0
70265,8.392952950000002,-74.80011745100063,4,3,2,0
70400,8.851812,-75.2804647,4,3,2,0
70418,9.3805529,-75.2681334,4,3,2,0
70429,8.5416242,-74.6284175,4,3,2,0
70473,9.3344096,-75.305435,4,3,2,0
70508,9.5538396,-75.18883090053416,4,3,2,0
70523,9.3318248,-75.5422877,4,3,2,0
70678,8.79099315,-74.94764942859982,4,3,2,0
70708,8.6618609,-75.1307644,4,3,2,0
70713,9.7386264,-75.5234228,4,3,2,0
70717,9.39663005,-75.03354633922669,4,3,2,0
70771,8.8119729,-74.7209745,4,3,2,0
70823,9.5029231,-75.45044846666082,4,3,2,0
73024,3.3910327,-74.9326005,3,5,5,0
73026,4.567169,-74.9538251,3,1,5,0
73030,4.7835866,-74.7643927,3,1,5,0
73055,4.9623792,-74.9049753,3,4,5,0
73067,3.5912171,-75.3819459,3,5,5,0
73124,4.4419656,-75.4268205,3,5,5,0
73168,3.7245851,-75.485156,3,5,5,0
73200,4.2880723,-74.8981694,3,2,5,0
73217,3.7993906,-75.1945858,3,5,5,0
73226,3.96594345,-74.72676148715544,3,2,5,0
73236,3.6275684,-74.80978514797033,3,2,5,0
73268,4.1503044,-74.8845895,3,2,5,0
73270,5.1240227,-74.9516185,3,4,5,0
73275,4.2864999,-74.813697,3,2,5,0
73283,5.1516594,-75.0366354,2,4,5,0
73319,4.0303906,-74.9679007,3,2,5,0
73347,5.049223,-75.2398685,2,4,5,0
73349,5.210419,-74.7361921,3,4,5,0
73352,4.1776149,-74.5330517,3,2,5,0
73443,5.1974195,-74.8939527,3,4,5,0
73449,4.2039758,-74.6429479,3,2,5,0
73461,4.8248173,-75.2349544,2,4,5,0
73483,3.6241727,-75.0930613,3,5,5,0
73504,3.932149,-75.25566805419268,3,5,5,0
73520,5.1219918,-75.0222273,2,4,5,0
73547,4.490994349999999,-74.92943460804919,3,2,5,0
73555,3.09803075,-75.85652204809352,1,5,3,0
73563,3.7201711,-74.86200186551633,3,2,5,0
73585,3.8582108,-74.9308216,3,2,5,0
73616,3.5310723,-75.6452086,1,5,5,0
73622,4.10391495,-75.5899419424823,3,5,5,0
73624,4.1929158,-75.3690963837852,3,5,5,0
73671,3.9292831,-75.0148462,3,5,5,0
73686,4.714425,-75.098832,3,4,5,0
73861,4.7190884,-74.929669,3,1,5,0
73870,4.9765885,-75.1666117,2,4,5,0
73873,3.9354843,-74.6002686,3,2,5,0
81065,6.7915761,-71.30011620944455,0,0,0,0
81220,6.2991553,-70.20646,0,0,0,-1
81300,6.7928481,-71.7743907,0,0,0,0
81591,6.2803446,-71.0998789,0,0,0,-1
81736,6.9068188,-71.83613345742756,0,0,0,0
81794,6.4615077,-71.7245069,0,0,0,0
81001,6.7940425,-70.49644588941297,0,0,0,-1
85001,5.3356662,-72.3936931,0,1,0,0
85010,5.1708408,-72.550846,0,1,0,0
85015,5.213808,-72.8710429,0,1,0,0
85125,6.0567773,-71.61494007417981,0,0,0,0
85136,6.1284789,-72.3342292,0,0,0,0
85162,4.8762611,-72.8968843,3,1,0,0
85263,5.727473,-71.9928398,0,1,0,0
85279,5.2833577,-72.76406172487167,0,1,0,0
85300,4.8564547,-73.0390642,3,1,0,0
85315,6.098907,-72.2487665,0,0,0,0
85410,5.013414,-72.7507084,0,1,0,0
85430,5.4068042,-71.6623713,0,1,0,0
85440,4.6148734,-72.9252395,3,1,0,0
86001,1.1466295,-76.6482327,1,5,3,0
86219,1.1894909,-76.9725122,1,5,3,0
86320,0.6686689,-76.8749697,1,5,3,0
86569,0.6841941,-76.6044095,1,5,3,0
86571,0.7569669,-75.88226773330348,1,5,3,0
86573,-0.1949861,-74.7806975,1,5,4,-1
86749,1.2054134,-76.9160037,1,5,3,0
86755,1.1478382,-76.86940027126116,1,5,3,0
86757,0.34308,-76.9122291,1,5,3,0
86760,1.146773,-77.0024767,1,5,3,0
91001,-4.2129211,-69.9425963,5,2,4,-1
91263,-1.9979855,-72.69198847868729,5,2,4,-1
91405,-1.28238575,-72.63769767729893,5,2,4,-1
91407,-1.19509655,-70.08877732861842,5,2,4,-1
91430,-0.12752955,-71.09813537982166,5,2,4,-1
91536,-2.1475772,-71.7540411,5,2,4,-1
91540,-3.57536685,-70.46672619620746,5,2,4,-1
91669,-1.0783329,-72.1843329708499,5,2,4,-1
91798,-2.6100092,-69.93415656659633,5,2,4,-1
94343,3.4905446,-69.8094888,5,2,0,-1
94663,2.776245,-70.4473347,5,2,4,-1
94883,1.9130285,-67.0683131,5,2,4,-1
94885,1.4315516499999998,-66.9984097362122,5,2,4,-1
94887,2.0633718,-69.08484686420258,5,2,4,-1
97001,1.2523268,-70.2308883,5,2,4,-1
97161,1.0155254,-71.2961479,5,2,4,-1
97666,-0.5630161,-69.6340579,5,2,4,-1
97777,1.61688115,-70.92808424817241,5,2,4,-1
97889,0.8314207499999999,-69.63424368355656,5,2,4,-1
97511,0.19420195,-70.90745777074594,5,2,4,-1
94888,2.4160136000000003,-69.91064185105165,5,2,4,-1
99001,6.1909225,-67.4841891,0,0,0,-1
99524,5.5511075,-69.61626306881838,0,0,0,-1
99624,5.1412908,-70.8574027,0,1,0,-1
99773,4.4471495,-69.7975845,0,1,0,-1
18610,1.3314207,-75.9727503,1,5,3,0
50110,4.5707393,-72.963415,3,1,0,0
68524,6.4066247,-73.287918,0,0,0,0
25662,4.8455155,-74.6225366,3,1,5,0
8372,10.82610745,-75.08675616759825,4,3,2,0
50287,3.39294665,-73.59737710937289,3,2,5,0
85325,4.8206297,-73.1678724,3,1,0,0
27250,4.2690022,-76.98663152493927,2,5,3,0
25843,5.315719850000001,-73.821341380957,3,1,0,0
13074,8.80374595,-74.24064154122095,4,3,2,0
15816,5.917044199999999,-73.4964349053907,0,1,0,0
13688,7.760892699999999,-74.30187743755698,4,3,0,0
27135,5.37765845,-76.76209139303418,2,4,1,0
15407,5.6619877,-73.52838010360202,0,1,0,0
47692,9.2397583,-74.3515536,4,3,2,0
15537,6.02682935,-72.76314962038538,0,1,0,0
13300,8.9566235,-74.0770262,4,3,2,0
47660,10.13217985,-74.25339987168041,4,3,2,0
95015,1.5495999,-72.97118968011344,5,2,4,-1
20614,8.2924446,-73.385798,4,3,0,0
5665,8.2778883,-76.3830793,4,3,1,0
95001,2.5716141,-72.6426515,3,2,4,1
15693,5.8744825,-72.9823638,0,1,0,0
19698,3.0075752,-76.4856531,1,5,3,0
95200,1.3369175,-71.9514805,5,2,4,-1
5042,6.5564008,-75.8277746,2,4,1,0
50680,3.835189,-73.25984407006148,3,2,5,0
8520,10.7410093,-74.7534259,4,3,2,0
5686,6.70367755,-75.468772412596,2,4,1,0
5647,6.9073461,-75.65975672140348,2,4,1,0
73854,4.2003577,-75.1180693,3,5,5,0
68689,6.92877925,-73.52075434629629,0,0,0,0
68684,6.62526745,-72.7366986177611,0,0,0,0
66682,4.8650708,-75.6211554,2,4,1,0
25328,4.8782654,-74.4675635,3,1,5,0
18094,1.4200848,-75.8714223,1,5,3,0
85250,5.8815393,-71.892938,0,1,0,0
68720,6.3387975,-73.616366,0,0,0,0
15681,5.6577541,-74.0625068,3,1,0,0
44420,10.4657314,-73.10391962339875,4,3,2,0
20400,9.5575496,-73.29475837874824,4,3,2,0
70742,9.2191217,-75.1292839,4,3,2,0
15667,4.8206297,-73.1678724,3,1,0,0
13244,9.7178841,-75.1241376,4,3,2,0
27245,5.838906550000001,-76.2079696572246,2,4,1,0
70702,9.273499,-75.2431182,4,3,2,0
47545,9.3304217,-74.4535166,4,3,2,0
5873,6.5036495,-76.67832501995036,2,4,1,0
13667,8.9370479,-74.038373,4,3,2,0
13030,8.7441923,-74.20432528793287,4,3,2,0
73148,4.130307950000001,-74.73666125049249,3,2,5,0
25645,4.60064375,-74.34778792621734,3,1,5,0
68655,7.3939416,-73.4998859,0,0,0,0
95025,2.3305016,-72.6264183,3,2,4,1
23682,7.7857846,-75.5344902,2,3,1,0
52694,1.53855185,-77.1012781707924,1,5,3,0
8137,10.41639435,-74.85603351926324,4,3,2,0
50683,3.3712076,-73.8721934,3,2,5,0
5658,6.81614395,-75.6753094098452,2,4,1,0
18150,1.3345179,-74.8414067,1,5,3,-1
27660,4.8950096,-76.2350277,2,4,1,0
25001,4.3772853,-74.6694759,3,2,5,0
13655,8.2525295,-74.7177669,4,3,2,0
41668,1.92730775,-76.44928406980904,1,5,3,0
52258,1.4011422,-76.99737796637305,1,5,3,0
15664,6.0004695,-73.53632793256998,0,1,0,0
86865,0.44932225,-76.87845278479098,1,5,3,0
13670,7.4772487,-73.9234783,0,0,0,0
70820,9.5241138,-75.5841794,4,3,2,0
11001,4.6533816,-74.0836333,3,1,5,0
25154,5.3472222,-73.8983333,3,1,0,0
23189,8.8746769,-75.6210036,4,3,2,0
5659,8.7609887,-76.5283566,4,3,2,0
44650,10.81475945,-73.08446070179835,4,3,2,0
68235,6.6986924,-73.5115695,0,0,0,0
5148,6.0833063,-75.3353501,2,4,1,0
66088,5.1898106,-75.86960227796698,2,4,1,0
27086,7.4365576,-77.1122594,2,4,1,0
68855,6.4480153,-73.1443007,0,0,0,0
73678,4.1341381,-75.0946957,3,5,5,0
15676,5.53183135,-73.75684834169377,3,1,0,0
73675,3.971341,-75.51451613072902,3,5,5,0
68673,6.10322645,-73.53013869505091,0,1,0,0
25862,5.1183756,-74.3451863,3,1,5,0
23678,8.687810500000001,-75.67933209123589,4,3,2,0
91530,-0.9501808,-73.84130319919652,5,2,4,-1
68344,6.5621066,-73.36473811438437,0,0,0,0
13654,9.8296174,-75.1218628,4,3,2,0
19693,1.8386665,-76.7697662,1,5,3,0
5649,6.1905313,-74.94282138470193,2,4,1,0
15837,5.67861455,-73.18705631500403,0,1,0,0
54743,7.2054262,-72.7562972,0,0,0,0
54125,7.2684542,-72.6419655,0,0,0,0
76250,4.511899,-76.238102,2,5,1,0
54820,7.310534,-72.4837963,0,0,0,0
76622,4.4091166,-76.1543744,2,5,1,0
54480,7.3009393,-72.7467237,0,0,0,0
76054,4.72657535,-76.12149700179468,2,5,1,0
54261,8.09548865,-72.64637754651707,0,0,0,0
54660,7.7849895,-72.8446027746108,0,0,0,0
76736,4.1579672,-75.87506489179826,2,5,1,0
76895,4.393943,-76.0706472,2,5,1,0
54223,7.539501,-72.77276,0,0,0,0
76248,3.6829185,-76.3071487,1,5,3,0
76147,4.71065925,-75.93238750220385,2,5,1,0
76122,4.30760275,-75.83979080691013,2,5,1,0
54553,8.3546568,-72.4145867,0,0,0,0
54313,7.9168363,-72.7866729,0,0,0,0
76246,4.7621884,-76.2207611,2,5,1,0
54250,8.6145368,-73.0330358,4,3,0,0
76400,4.53734105,-76.10447203568692,2,5,1,0
76606,3.822009,-76.5222535,1,5,3,0
54800,8.5432291,-73.1876191,4,3,0,0
76233,3.65186675,-76.72286276014654,1,5,3,0
54051,7.6427256,-72.7993408,0,0,0,0
76318,3.7630235,-76.3344854,1,5,3,0
54418,7.9443819,-72.8334804,0,0,0,0
76041,4.7957054,-75.9937832,2,5,1,0
54099,7.61236,-72.6471433,0,0,0,0
76113,4.2138883,-76.1571129,2,5,1,0
54206,8.5833769,-73.2830742,4,3,0,0
54344,8.3514193,-73.1173803,4,3,0,0
76403,4.5232502,-76.0357835,2,5,1,0
54347,7.5068955,-72.4831948,0,0,0,0
76306,3.7237049,-76.2687988,1,5,3,0
76892,3.5834664,-76.4952223,1,5,3,0
76497,4.5746578,-75.9721783,2,5,1,0
54810,8.7828443,-72.8988647,4,3,0,0
54673,7.83335325,-72.61018047055015,0,0,0,0
54670,8.4585022,-73.1876326,4,3,0,0
76100,4.3372359,-76.1847682,2,5,1,0
54398,8.2670915,-72.757907,0,0,0,0
76001,3.4108435,-76.58121271109312,1,5,3,0
76670,3.9955682,-76.2280495,2,5,1,0
76111,3.9000578,-76.302013,1,5,3,0
54172,7.6084113,-72.6002682,0,0,0,0
54599,7.5778992,-72.4765555,0,0,0,0
54385,7.695740049999999,-73.3547071194412,0,0,0,0
54874,7.8318933,-72.4717181,0,0,0,0
54174,7.1381899,-72.6647954,0,0,0,0
76126,3.9318186,-76.4842408,1,5,3,0
54720,8.1348124,-72.788915,0,0,0,0
76036,4.1694199,-76.1670623,2,5,1,0
76563,3.4196687,-76.2424378,1,5,3,0
54003,8.0818887,-73.2208717,0,0,0,0
54405,7.8342202,-72.5059128,0,0,0,0
54498,8.1758238,-73.3670106,0,3,0,0
54109,8.0649425,-72.9391079,0,0,0,0
76890,3.89766105,-76.387873049896,1,5,3,0
76520,3.5308373,-76.2988048,1,5,3,0
76616,4.1071481,-76.38394225662913,2,5,1,0
54680,7.8644479,-72.7165562,0,0,0,0
76020,4.6748944,-75.781669,2,5,1,0
76863,4.61664415,-76.23256771401182,2,5,1,0
54377,7.2999474,-72.4940998,0,0,0,0
54128,7.7419001,-73.0485225,0,0,0,0
54871,7.9138728,-72.9724555,0,0,0,0
54239,7.7141729,-72.6566936,0,0,0,0
76243,4.9381541,-76.0602974961269,2,4,1,0
76823,4.608925,-76.0824045,2,5,1,0
76130,3.4090481,-76.347379,1,5,3,0
76377,3.6505888,-76.569897,1,5,3,0
76845,4.7036572,-75.7379416,2,5,1,0
76828,4.2123039,-76.3188928,2,5,1,0
76869,3.7003997,-76.4428876,1,5,3,0
68176,6.3443969,-73.3727428,0,0,0,0
70670,9.1845583,-75.3802368,4,3,2,0
85225,5.638081,-72.194668,0,1,0,0
54518,7.3763807,-72.6482628,0,0,0,0
25019,4.8780617,-74.4384462,3,1,5,0
23466,7.9800534,-75.4167198,4,3,1,0
86568,0.4979751,-76.4951418,1,5,3,0
70215,9.2045175,-75.27619980073368,4,3,2,0
52110,1.384101,-77.156619,1,5,3,0
85139,4.72308665,-72.22813701461214,0,1,0,-1
13268,8.989372,-73.9477652,4,3,2,0
76834,4.0856667,-76.1972779,2,5,1,0
73152,5.0046769,-75.1948929,2,4,5,0
25040,4.7616096,-74.4649986,3,1,5,0
25175,4.8660334,-74.0306281,3,1,5,0
52835,1.8061434,-78.7635572,1,5,3,0
18460,1.2900867,-75.5076247,1,5,3,0
68147,6.5291798,-72.6982619,0,0,0,0
73043,4.6311631,-75.094827,3,4,5,0
76275,3.3256006,-76.2370118,1,5,3,0
8606,10.5027155,-75.13528690255919,4,3,2,0
5284,6.70413775,-76.3347307076728,2,4,1,0
25258,5.2659174,-74.29320661980785,3,1,0,0
54520,7.437016,-72.6380198,0,0,0,0
91460,-0.73886755,-71.24653364994535,5,2,4,-1
85400,5.8296003,-72.1639754,0,1,0,0
15806,5.74808125,-73.01279081935618,0,1,0,0
19517,2.7357822,-75.99152807003307,1,5,3,0
73001,4.4386033,-75.2108857,3,5,5,0
8573,10.9891292,-74.955414,4,3,2,0
52083,1.5953746,-77.02722018898831,1,5,3,0
25758,4.8931442,-73.95341365530066,3,1,5,0
27150,7.04047905,-76.92059500224477,2,4,1,0
25299,4.7275587,-73.6036607499785,3,1,0,0
25718,4.9645773,-74.4331151,3,1,5,0
52240,1.3591286,-77.2826965,1,5,3,0
54001,7.8971458,-72.5080387,0,0,0,0
13001,10.4265566,-75.5441671,4,3,2,0
5313,6.1442998,-75.1844057,2,4,1,0
47720,9.4316572,-74.70475,4,3,2,0
13442,9.9840479,-75.3019515,4,3,2,0
18410,1.4817139,-75.4356404,1,5,3,0
18753,2.1131213,-74.7697347,1,2,3,0
68250,6.08553175,-73.93364854994327,0,1,0,0
5364,5.5674766,-75.80248497131014,2,4,1,0
76364,3.2618357,-76.5407975,1,5,3,0
27787,5.2639656,-76.5587372,2,4,1,0
85230,4.789484,-71.3406351,0,1,0,-1
73411,4.9229399,-75.0647738,3,4,5,0
25885,5.4841667,-74.3545833,3,1,0,0
63130,4.5305516,-75.6406048,2,5,1,0
5756,5.6971281000000005,-75.31422224582037,2,4,1,0
54245,8.6473135,-73.4082035,4,3,0,0
73408,4.8609666,-74.9109405,3,4,5,0
23350,8.041099899999999,-75.31363290001408,4,3,1,0
13620,10.374308,-75.07634048476797,4,3,2,0
25290,4.3374175,-74.3726642164327,3,2,5,0
13894,9.7414779,-74.8177731,4,3,2,0
15403,6.26656335,-72.54131072126492,0,0,0,0
25899,5.0187088,-74.0103258,3,1,5,0
63302,4.1929922,-75.74481182662177,2,5,1,0
73770,4.0484889,-74.833034,3,2,5,0
50150,3.8275343,-73.6892805,3,2,5,0
15087,6.016958300000001,-72.91724656921113,0,1,0,0
27810,5.2813079,-76.6293417,2,4,1,0
47570,10.7876917,-73.9183907,4,3,2,0
86885,0.9227343,-76.78006694582126,1,5,3,0
25269,4.8097329,-74.3541284,3,1,5,0
23580,7.696093100000001,-75.76757303723957,2,3,1,0
17444,5.2966038,-75.0546064,2,4,5,0
52051,1.48462865,-77.12105797279247,1,5,3,0
76109,3.8881929,-77.0738324,1,5,3,0
47189,11.0062433,-74.241022,4,3,2,0
8560,10.60479565,-74.78650415111366,4,3,2,0
