Divipola,capacidad,costo,x_ij
5001,2418.0,4804980.75,8.0
5002,2418.0,4804980.75,0.0
5004,2418.0,4804980.75,0.0
5021,2418.0,4804980.75,0.0
5030,2418.0,4804980.75,0.0
5031,2418.0,4804980.75,0.0
5034,2418.0,4804980.75,0.0
5036,2418.0,4804980.75,0.0
5038,2418.0,4804980.75,0.0
5040,2418.0,4804980.75,0.0
15832,2418.0,4804980.75,0.0
5044,2418.0,4804980.75,0.0
5045,2418.0,4804980.75,1.0
5051,2418.0,4804980.75,0.0
5055,2418.0,4804980.75,0.0
5059,2418.0,4804980.75,0.0
5079,2418.0,4804980.75,0.0
5088,2418.0,4804980.75,2.0
5091,2418.0,4804980.75,0.0
5093,2418.0,4804980.75,0.0
5101,2418.0,4804980.75,0.0
5107,2418.0,4804980.75,0.0
5113,2418.0,4804980.75,0.0
5120,2418.0,4804980.75,0.0
5125,2418.0,4804980.75,0.0
5129,2418.0,4804980.75,0.0
5134,2418.0,4804980.75,0.0
5138,2418.0,4804980.75,0.0
5142,2418.0,4804980.75,0.0
5145,2418.0,4804980.75,0.0
5147,2418.0,4804980.75,0.0
15476,2418.0,4804980.75,0.0
5150,2418.0,4804980.75,0.0
5154,2418.0,4804980.75,0.0
5172,2418.0,4804980.75,0.0
5190,2418.0,4804980.75,0.0
5197,2418.0,4804980.75,0.0
5206,2418.0,4804980.75,0.0
5209,2418.0,4804980.75,0.0
5212,2418.0,4804980.75,0.0
5234,2418.0,4804980.75,0.0
5237,2418.0,4804980.75,0.0
5240,2418.0,4804980.75,0.0
5250,2418.0,4804980.75,0.0
5264,2418.0,4804980.75,0.0
5266,2418.0,4804980.75,1.0
5282,2418.0,4804980.75,0.0
23675,2418.0,4804980.75,0.0
5306,2418.0,4804980.75,0.0
5308,2418.0,4804980.75,0.0
5310,2418.0,4804980.75,0.0
27361,2418.0,4804980.75,0.0
5315,2418.0,4804980.75,0.0
5318,2418.0,4804980.75,0.0
5321,2418.0,4804980.75,0.0
5347,2418.0,4804980.75,0.0
5353,2418.0,4804980.75,0.0
5360,2418.0,4804980.75,1.0
5361,2418.0,4804980.75,0.0
5086,2418.0,4804980.75,0.0
5368,2418.0,4804980.75,0.0
5376,2418.0,4804980.75,0.0
5380,2418.0,4804980.75,0.0
5390,2418.0,4804980.75,0.0
5400,2418.0,4804980.75,0.0
5411,2418.0,4804980.75,0.0
5425,2418.0,4804980.75,0.0
5440,2418.0,4804980.75,0.0
5467,2418.0,4804980.75,0.0
5475,2418.0,4804980.75,0.0
5480,2418.0,4804980.75,0.0
5483,2418.0,4804980.75,0.0
5490,2418.0,4804980.75,0.0
5495,2418.0,4804980.75,0.0
5501,2418.0,4804980.75,0.0
5541,2418.0,4804980.75,0.0
5543,2418.0,4804980.75,0.0
5576,2418.0,4804980.75,0.0
5579,2418.0,4804980.75,0.0
5585,2418.0,4804980.75,0.0
5591,2418.0,4804980.75,0.0
5604,2418.0,4804980.75,0.0
5607,2418.0,4804980.75,0.0
5615,2418.0,4804980.75,1.0
5628,2418.0,4804980.75,0.0
5631,2418.0,4804980.75,0.0
5642,2418.0,4804980.75,0.0
15189,2418.0,4804980.75,0.0
52699,2418.0,4804980.75,0.0
5652,2418.0,4804980.75,0.0
5656,2418.0,4804980.75,0.0
68575,2418.0,4804980.75,0.0
68573,2418.0,4804980.75,0.0
5660,2418.0,4804980.75,0.0
5664,2418.0,4804980.75,0.0
5667,2418.0,4804980.75,0.0
5670,2418.0,4804980.75,0.0
5674,2418.0,4804980.75,0.0
5679,2418.0,4804980.75,0.0
5690,2418.0,4804980.75,0.0
5697,2418.0,4804980.75,0.0
5736,2418.0,4804980.75,0.0
5761,2418.0,4804980.75,0.0
50370,2418.0,4804980.75,0.0
5789,2418.0,4804980.75,0.0
5790,2418.0,4804980.75,0.0
5792,2418.0,4804980.75,0.0
5809,2418.0,4804980.75,0.0
5819,2418.0,4804980.75,0.0
5837,2418.0,4804980.75,1.0
5842,2418.0,4804980.75,0.0
5847,2418.0,4804980.75,0.0
5854,2418.0,4804980.75,0.0
5856,2418.0,4804980.75,0.0
5858,2418.0,4804980.75,0.0
5861,2418.0,4804980.75,0.0
5885,2418.0,4804980.75,0.0
5887,2418.0,4804980.75,0.0
5890,2418.0,4804980.75,0.0
5893,2418.0,4804980.75,0.0
5895,2418.0,4804980.75,0.0
8001,2418.0,4804980.75,5.0
8078,2418.0,4804980.75,0.0
8141,2418.0,4804980.75,0.0
8296,2418.0,4804980.75,0.0
8421,2418.0,4804980.75,0.0
8433,2418.0,4804980.75,1.0
8436,2418.0,4804980.75,0.0
8549,2418.0,4804980.75,0.0
8558,2418.0,4804980.75,0.0
8634,2418.0,4804980.75,0.0
8638,2418.0,4804980.75,0.0
8675,2418.0,4804980.75,0.0
8685,2418.0,4804980.75,0.0
8758,2418.0,4804980.75,2.0
8770,2418.0,4804980.75,0.0
8832,2418.0,4804980.75,0.0
8849,2418.0,4804980.75,0.0
13006,2418.0,4804980.75,0.0
13042,2418.0,4804980.75,0.0
13052,2418.0,4804980.75,0.0
13062,2418.0,4804980.75,0.0
13140,2418.0,4804980.75,0.0
13160,2418.0,4804980.75,0.0
13188,2418.0,4804980.75,0.0
13212,2418.0,4804980.75,0.0
13222,2418.0,4804980.75,0.0
13248,2418.0,4804980.75,0.0
13430,2418.0,4804980.75,1.0
13433,2418.0,4804980.75,0.0
13440,2418.0,4804980.75,0.0
13458,2418.0,4804980.75,0.0
13468,2418.0,4804980.75,0.0
13473,2418.0,4804980.75,0.0
13490,2418.0,4804980.75,0.0
13549,2418.0,4804980.75,0.0
13580,2418.0,4804980.75,0.0
13600,2418.0,4804980.75,0.0
13647,2418.0,4804980.75,0.0
13650,2418.0,4804980.75,0.0
13657,2418.0,4804980.75,0.0
13673,2418.0,4804980.75,0.0
13683,2418.0,4804980.75,0.0
13744,2418.0,4804980.75,0.0
13760,2418.0,4804980.75,0.0
13780,2418.0,4804980.75,0.0
13810,2418.0,4804980.75,0.0
13836,2418.0,4804980.75,0.0
13838,2418.0,4804980.75,0.0
13873,2418.0,4804980.75,0.0
15001,2418.0,4804980.75,1.0
15022,2418.0,4804980.75,0.0
15047,2418.0,4804980.75,0.0
15051,2418.0,4804980.75,0.0
15090,2418.0,4804980.75,0.0
15092,2418.0,4804980.75,0.0
15097,2418.0,4804980.75,0.0
15104,2418.0,4804980.75,0.0
15106,2418.0,4804980.75,0.0
15109,2418.0,4804980.75,0.0
15114,2418.0,4804980.75,0.0
15131,2418.0,4804980.75,0.0
15135,2418.0,4804980.75,0.0
15162,2418.0,4804980.75,0.0
15172,2418.0,4804980.75,0.0
15176,2418.0,4804980.75,0.0
15180,2418.0,4804980.75,0.0
15183,2418.0,4804980.75,0.0
15185,2418.0,4804980.75,0.0
15187,2418.0,4804980.75,0.0
15204,2418.0,4804980.75,0.0
15212,2418.0,4804980.75,0.0
15215,2418.0,4804980.75,0.0
15218,2418.0,4804980.75,0.0
15223,2418.0,4804980.75,0.0
15224,2418.0,4804980.75,0.0
15226,2418.0,4804980.75,0.0
15232,2418.0,4804980.75,0.0
15236,2418.0,4804980.75,0.0
15238,2418.0,4804980.75,1.0
15244,2418.0,4804980.75,0.0
15248,2418.0,4804980.75,0.0
15272,2418.0,4804980.75,0.0
15276,2418.0,4804980.75,0.0
15293,2418.0,4804980.75,0.0
15296,2418.0,4804980.75,0.0
15299,2418.0,4804980.75,0.0
15317,2418.0,4804980.75,0.0
15322,2418.0,4804980.75,0.0
15325,2418.0,4804980.75,0.0
15332,2418.0,4804980.75,0.0
15362,2418.0,4804980.75,0.0
15367,2418.0,4804980.75,0.0
15368,2418.0,4804980.75,0.0
15377,2418.0,4804980.75,0.0
15380,2418.0,4804980.75,0.0
15401,2418.0,4804980.75,0.0
15425,2418.0,4804980.75,0.0
15442,2418.0,4804980.75,0.0
15455,2418.0,4804980.75,0.0
15464,2418.0,4804980.75,0.0
15466,2418.0,4804980.75,0.0
15469,2418.0,4804980.75,0.0
15480,2418.0,4804980.75,0.0
15491,2418.0,4804980.75,0.0
15494,2418.0,4804980.75,0.0
15500,2418.0,4804980.75,0.0
15507,2418.0,4804980.75,0.0
15511,2418.0,4804980.75,0.0
15514,2418.0,4804980.75,0.0
15516,2418.0,4804980.75,0.0
15518,2418.0,4804980.75,0.0
15522,2418.0,4804980.75,0.0
15531,2418.0,4804980.75,0.0
15533,2418.0,4804980.75,0.0
15542,2418.0,4804980.75,0.0
15550,2418.0,4804980.75,0.0
15572,2418.0,4804980.75,0.0
15580,2418.0,4804980.75,0.0
15599,2418.0,4804980.75,0.0
15600,2418.0,4804980.75,0.0
15621,2418.0,4804980.75,0.0
15632,2418.0,4804980.75,0.0
15638,2418.0,4804980.75,0.0
15646,2418.0,4804980.75,0.0
15660,2418.0,4804980.75,0.0
15673,2418.0,4804980.75,0.0
15686,2418.0,4804980.75,0.0
15690,2418.0,4804980.75,0.0
15696,2418.0,4804980.75,0.0
15720,2418.0,4804980.75,0.0
15723,2418.0,4804980.75,0.0
15740,2418.0,4804980.75,0.0
15753,2418.0,4804980.75,0.0
15755,2418.0,4804980.75,0.0
15757,2418.0,4804980.75,0.0
15759,2418.0,4804980.75,1.0
15761,2418.0,4804980.75,0.0
15762,2418.0,4804980.75,0.0
15763,2418.0,4804980.75,0.0
15764,2418.0,4804980.75,0.0
15774,2418.0,4804980.75,0.0
15776,2418.0,4804980.75,0.0
15778,2418.0,4804980.75,0.0
15790,2418.0,4804980.75,0.0
15798,2418.0,4804980.75,0.0
15804,2418.0,4804980.75,0.0
15808,2418.0,4804980.75,0.0
15810,2418.0,4804980.75,0.0
15814,2418.0,4804980.75,0.0
15820,2418.0,4804980.75,0.0
15822,2418.0,4804980.75,0.0
15835,2418.0,4804980.75,0.0
15839,2418.0,4804980.75,0.0
15842,2418.0,4804980.75,0.0
15861,2418.0,4804980.75,0.0
15879,2418.0,4804980.75,0.0
15897,2418.0,4804980.75,0.0
17001,2418.0,4804980.75,2.0
17013,2418.0,4804980.75,0.0
17042,2418.0,4804980.75,0.0
17050,2418.0,4804980.75,0.0
17088,2418.0,4804980.75,0.0
17174,2418.0,4804980.75,0.0
17272,2418.0,4804980.75,0.0
17380,2418.0,4804980.75,0.0
17388,2418.0,4804980.75,0.0
17433,2418.0,4804980.75,0.0
17442,2418.0,4804980.75,0.0
17446,2418.0,4804980.75,0.0
17486,2418.0,4804980.75,0.0
17495,2418.0,4804980.75,0.0
17513,2418.0,4804980.75,0.0
17524,2418.0,4804980.75,0.0
17541,2418.0,4804980.75,0.0
17614,2418.0,4804980.75,0.0
17616,2418.0,4804980.75,0.0
17653,2418.0,4804980.75,0.0
17662,2418.0,4804980.75,0.0
17665,2418.0,4804980.75,0.0
17777,2418.0,4804980.75,0.0
17867,2418.0,4804980.75,0.0
17873,2418.0,4804980.75,0.0
17877,2418.0,4804980.75,0.0
18001,2418.0,4804980.75,1.0
18029,2418.0,4804980.75,0.0
18205,2418.0,4804980.75,0.0
18247,2418.0,4804980.75,0.0
18256,2418.0,4804980.75,0.0
18479,2418.0,4804980.75,0.0
18592,2418.0,4804980.75,0.0
18756,2418.0,4804980.75,0.0
18785,2418.0,4804980.75,0.0
18860,2418.0,4804980.75,0.0
19001,2418.0,4804980.75,1.0
19022,2418.0,4804980.75,0.0
19050,2418.0,4804980.75,0.0
19075,2418.0,4804980.75,0.0
19100,2418.0,4804980.75,0.0
19110,2418.0,4804980.75,0.0
19130,2418.0,4804980.75,0.0
19137,2418.0,4804980.75,0.0
19142,2418.0,4804980.75,0.0
19212,2418.0,4804980.75,0.0
19256,2418.0,4804980.75,0.0
19290,2418.0,4804980.75,0.0
19300,2418.0,4804980.75,0.0
19318,2418.0,4804980.75,0.0
19355,2418.0,4804980.75,0.0
19364,2418.0,4804980.75,0.0
19392,2418.0,4804980.75,0.0
19397,2418.0,4804980.75,0.0
19418,2418.0,4804980.75,0.0
19450,2418.0,4804980.75,0.0
19455,2418.0,4804980.75,0.0
19473,2418.0,4804980.75,0.0
19513,2418.0,4804980.75,0.0
19532,2418.0,4804980.75,0.0
19533,2418.0,4804980.75,0.0
19548,2418.0,4804980.75,0.0
19573,2418.0,4804980.75,0.0
19585,2418.0,4804980.75,0.0
19622,2418.0,4804980.75,0.0
19701,2418.0,4804980.75,0.0
19743,2418.0,4804980.75,0.0
19760,2418.0,4804980.75,0.0
19780,2418.0,4804980.75,0.0
19785,2418.0,4804980.75,0.0
19807,2418.0,4804980.75,0.0
19809,2418.0,4804980.75,0.0
19821,2418.0,4804980.75,0.0
19824,2418.0,4804980.75,0.0
19845,2418.0,4804980.75,0.0
20001,2418.0,4804980.75,1.0
20011,2418.0,4804980.75,1.0
20013,2418.0,4804980.75,0.0
20032,2418.0,4804980.75,0.0
20045,2418.0,4804980.75,0.0
20060,2418.0,4804980.75,0.0
20175,2418.0,4804980.75,0.0
20178,2418.0,4804980.75,0.0
20228,2418.0,4804980.75,0.0
20238,2418.0,4804980.75,0.0
20250,2418.0,4804980.75,0.0
20295,2418.0,4804980.75,0.0
20310,2418.0,4804980.75,0.0
20383,2418.0,4804980.75,0.0
20443,2418.0,4804980.75,0.0
20517,2418.0,4804980.75,0.0
20550,2418.0,4804980.75,0.0
20570,2418.0,4804980.75,0.0
20621,2418.0,4804980.75,0.0
20710,2418.0,4804980.75,0.0
20750,2418.0,4804980.75,0.0
20770,2418.0,4804980.75,0.0
20787,2418.0,4804980.75,0.0
23001,2418.0,4804980.75,2.0
23068,2418.0,4804980.75,0.0
23079,2418.0,4804980.75,0.0
23090,2418.0,4804980.75,0.0
23162,2418.0,4804980.75,0.0
23168,2418.0,4804980.75,0.0
23182,2418.0,4804980.75,0.0
23300,2418.0,4804980.75,0.0
23417,2418.0,4804980.75,1.0
23419,2418.0,4804980.75,0.0
23464,2418.0,4804980.75,0.0
23500,2418.0,4804980.75,0.0
23555,2418.0,4804980.75,0.0
23570,2418.0,4804980.75,0.0
23574,2418.0,4804980.75,0.0
23586,2418.0,4804980.75,0.0
23660,2418.0,4804980.75,0.0
23670,2418.0,4804980.75,0.0
23672,2418.0,4804980.75,0.0
23686,2418.0,4804980.75,0.0
23807,2418.0,4804980.75,0.0
23815,2418.0,4804980.75,0.0
23855,2418.0,4804980.75,0.0
25035,2418.0,4804980.75,0.0
25053,2418.0,4804980.75,0.0
25086,2418.0,4804980.75,0.0
25095,2418.0,4804980.75,0.0
25099,2418.0,4804980.75,0.0
25120,2418.0,4804980.75,0.0
25123,2418.0,4804980.75,0.0
25126,2418.0,4804980.75,0.0
25148,2418.0,4804980.75,0.0
25151,2418.0,4804980.75,0.0
25168,2418.0,4804980.75,0.0
25178,2418.0,4804980.75,0.0
25181,2418.0,4804980.75,0.0
25183,2418.0,4804980.75,0.0
25200,2418.0,4804980.75,0.0
25214,2418.0,4804980.75,0.0
25224,2418.0,4804980.75,0.0
25245,2418.0,4804980.75,0.0
25260,2418.0,4804980.75,0.0
25279,2418.0,4804980.75,0.0
25281,2418.0,4804980.75,0.0
25286,2418.0,4804980.75,0.0
25288,2418.0,4804980.75,0.0
25293,2418.0,4804980.75,0.0
25295,2418.0,4804980.75,0.0
25297,2418.0,4804980.75,0.0
25307,2418.0,4804980.75,1.0
25312,2418.0,4804980.75,0.0
25317,2418.0,4804980.75,0.0
25320,2418.0,4804980.75,0.0
25322,2418.0,4804980.75,0.0
25324,2418.0,4804980.75,0.0
25326,2418.0,4804980.75,0.0
25335,2418.0,4804980.75,0.0
25339,2418.0,4804980.75,0.0
25368,2418.0,4804980.75,0.0
25372,2418.0,4804980.75,0.0
25377,2418.0,4804980.75,0.0
25386,2418.0,4804980.75,0.0
25394,2418.0,4804980.75,0.0
25398,2418.0,4804980.75,0.0
25402,2418.0,4804980.75,0.0
25407,2418.0,4804980.75,0.0
25426,2418.0,4804980.75,0.0
25430,2418.0,4804980.75,1.0
25436,2418.0,4804980.75,0.0
25438,2418.0,4804980.75,0.0
25473,2418.0,4804980.75,1.0
25483,2418.0,4804980.75,0.0
25486,2418.0,4804980.75,0.0
25488,2418.0,4804980.75,0.0
25489,2418.0,4804980.75,0.0
25491,2418.0,4804980.75,0.0
25506,2418.0,4804980.75,0.0
25513,2418.0,4804980.75,0.0
25518,2418.0,4804980.75,0.0
25524,2418.0,4804980.75,0.0
25530,2418.0,4804980.75,0.0
25535,2418.0,4804980.75,0.0
25572,2418.0,4804980.75,0.0
25580,2418.0,4804980.75,0.0
25592,2418.0,4804980.75,0.0
25594,2418.0,4804980.75,0.0
25596,2418.0,4804980.75,0.0
25599,2418.0,4804980.75,0.0
25612,2418.0,4804980.75,0.0
25649,2418.0,4804980.75,0.0
25653,2418.0,4804980.75,0.0
25658,2418.0,4804980.75,0.0
25736,2418.0,4804980.75,0.0
25740,2418.0,4804980.75,0.0
25743,2418.0,4804980.75,0.0
25745,2418.0,4804980.75,0.0
25754,2418.0,4804980.75,1.0
25769,2418.0,4804980.75,0.0
25772,2418.0,4804980.75,0.0
25777,2418.0,4804980.75,0.0
25779,2418.0,4804980.75,0.0
25781,2418.0,4804980.75,0.0
25785,2418.0,4804980.75,0.0
25793,2418.0,4804980.75,0.0
25797,2418.0,4804980.75,0.0
25799,2418.0,4804980.75,0.0
25805,2418.0,4804980.75,0.0
25807,2418.0,4804980.75,0.0
25815,2418.0,4804980.75,0.0
25817,2418.0,4804980.75,0.0
25823,2418.0,4804980.75,0.0
25839,2418.0,4804980.75,0.0
25841,2418.0,4804980.75,0.0
25845,2418.0,4804980.75,0.0
25851,2418.0,4804980.75,0.0
25867,2418.0,4804980.75,0.0
25871,2418.0,4804980.75,0.0
25873,2418.0,4804980.75,0.0
25875,2418.0,4804980.75,0.0
25878,2418.0,4804980.75,0.0
25898,2418.0,4804980.75,0.0
27001,2418.0,4804980.75,1.0
27025,2418.0,4804980.75,0.0
27050,2418.0,4804980.75,0.0
27073,2418.0,4804980.75,0.0
27075,2418.0,4804980.75,0.0
27077,2418.0,4804980.75,0.0
27099,2418.0,4804980.75,0.0
27160,2418.0,4804980.75,0.0
27205,2418.0,4804980.75,0.0
27372,2418.0,4804980.75,0.0
27413,2418.0,4804980.75,0.0
27425,2418.0,4804980.75,0.0
27430,2418.0,4804980.75,0.0
27450,2418.0,4804980.75,0.0
27491,2418.0,4804980.75,0.0
27495,2418.0,4804980.75,0.0
27580,2418.0,4804980.75,0.0
27600,2418.0,4804980.75,0.0
27615,2418.0,4804980.75,0.0
27745,2418.0,4804980.75,0.0
27800,2418.0,4804980.75,0.0
41001,2418.0,4804980.75,2.0
41006,2418.0,4804980.75,0.0
41013,2418.0,4804980.75,0.0
41016,2418.0,4804980.75,0.0
41020,2418.0,4804980.75,0.0
41026,2418.0,4804980.75,0.0
41078,2418.0,4804980.75,0.0
41132,2418.0,4804980.75,0.0
41206,2418.0,4804980.75,0.0
41244,2418.0,4804980.75,0.0
41298,2418.0,4804980.75,0.0
41306,2418.0,4804980.75,0.0
41319,2418.0,4804980.75,0.0
41349,2418.0,4804980.75,0.0
41357,2418.0,4804980.75,0.0
41359,2418.0,4804980.75,0.0
41378,2418.0,4804980.75,0.0
41396,2418.0,4804980.75,0.0
41483,2418.0,4804980.75,0.0
41503,2418.0,4804980.75,0.0
41518,2418.0,4804980.75,0.0
41524,2418.0,4804980.75,0.0
41530,2418.0,4804980.75,0.0
41548,2418.0,4804980.75,0.0
41551,2418.0,4804980.75,1.0
41615,2418.0,4804980.75,0.0
41660,2418.0,4804980.75,0.0
41676,2418.0,4804980.75,0.0
41770,2418.0,4804980.75,0.0
41791,2418.0,4804980.75,0.0
41797,2418.0,4804980.75,0.0
41799,2418.0,4804980.75,0.0
41801,2418.0,4804980.75,0.0
41807,2418.0,4804980.75,0.0
41872,2418.0,4804980.75,0.0
41885,2418.0,4804980.75,0.0
44001,2418.0,4804980.75,1.0
44035,2418.0,4804980.75,0.0
44078,2418.0,4804980.75,0.0
44090,2418.0,4804980.75,0.0
44098,2418.0,4804980.75,0.0
44110,2418.0,4804980.75,0.0
44279,2418.0,4804980.75,0.0
44378,2418.0,4804980.75,0.0
44430,2418.0,4804980.75,1.0
44560,2418.0,4804980.75,0.0
44847,2418.0,4804980.75,1.0
44855,2418.0,4804980.75,0.0
44874,2418.0,4804980.75,0.0
47001,2418.0,4804980.75,2.0
47030,2418.0,4804980.75,0.0
47053,2418.0,4804980.75,0.0
47058,2418.0,4804980.75,0.0
47161,2418.0,4804980.75,0.0
47170,2418.0,4804980.75,0.0
47205,2418.0,4804980.75,0.0
47245,2418.0,4804980.75,0.0
47258,2418.0,4804980.75,0.0
47268,2418.0,4804980.75,0.0
47288,2418.0,4804980.75,0.0
47318,2418.0,4804980.75,0.0
47460,2418.0,4804980.75,0.0
47541,2418.0,4804980.75,0.0
47551,2418.0,4804980.75,0.0
47555,2418.0,4804980.75,0.0
47605,2418.0,4804980.75,0.0
47675,2418.0,4804980.75,0.0
47703,2418.0,4804980.75,0.0
47707,2418.0,4804980.75,0.0
47745,2418.0,4804980.75,0.0
47798,2418.0,4804980.75,0.0
47960,2418.0,4804980.75,0.0
47980,2418.0,4804980.75,0.0
50001,2418.0,4804980.75,2.0
50006,2418.0,4804980.75,0.0
50124,2418.0,4804980.75,0.0
50223,2418.0,4804980.75,0.0
50226,2418.0,4804980.75,0.0
50245,2418.0,4804980.75,0.0
50251,2418.0,4804980.75,0.0
50270,2418.0,4804980.75,0.0
50313,2418.0,4804980.75,0.0
50318,2418.0,4804980.75,0.0
50325,2418.0,4804980.75,0.0
50330,2418.0,4804980.75,0.0
50350,2418.0,4804980.75,0.0
50400,2418.0,4804980.75,0.0
50450,2418.0,4804980.75,0.0
50568,2418.0,4804980.75,0.0
50573,2418.0,4804980.75,0.0
50577,2418.0,4804980.75,0.0
50590,2418.0,4804980.75,0.0
50606,2418.0,4804980.75,0.0
50686,2418.0,4804980.75,0.0
50689,2418.0,4804980.75,0.0
50711,2418.0,4804980.75,0.0
52001,2418.0,4804980.75,1.0
52019,2418.0,4804980.75,0.0
52022,2418.0,4804980.75,0.0
52036,2418.0,4804980.75,0.0
52079,2418.0,4804980.75,0.0
52203,2418.0,4804980.75,0.0
52207,2418.0,4804980.75,0.0
52210,2418.0,4804980.75,0.0
52215,2418.0,4804980.75,0.0
52224,2418.0,4804980.75,0.0
52227,2418.0,4804980.75,0.0
52233,2418.0,4804980.75,0.0
52250,2418.0,4804980.75,0.0
52254,2418.0,4804980.75,0.0
52256,2418.0,4804980.75,0.0
52260,2418.0,4804980.75,0.0
52287,2418.0,4804980.75,0.0
52317,2418.0,4804980.75,0.0
52320,2418.0,4804980.75,0.0
52323,2418.0,4804980.75,0.0
52352,2418.0,4804980.75,0.0
52354,2418.0,4804980.75,0.0
52356,2418.0,4804980.75,1.0
52378,2418.0,4804980.75,0.0
52381,2418.0,4804980.75,0.0
52385,2418.0,4804980.75,0.0
52390,2418.0,4804980.75,0.0
52399,2418.0,4804980.75,0.0
52405,2418.0,4804980.75,0.0
52411,2418.0,4804980.75,0.0
52418,2418.0,4804980.75,0.0
52427,2418.0,4804980.75,0.0
52435,2418.0,4804980.75,0.0
52473,2418.0,4804980.75,0.0
52480,2418.0,4804980.75,0.0
52490,2418.0,4804980.75,0.0
52506,2418.0,4804980.75,0.0
52520,2418.0,4804980.75,0.0
52540,2418.0,4804980.75,0.0
52560,2418.0,4804980.75,0.0
52565,2418.0,4804980.75,0.0
52573,2418.0,4804980.75,0.0
52585,2418.0,4804980.75,0.0
52612,2418.0,4804980.75,0.0
52621,2418.0,4804980.75,0.0
52678,2418.0,4804980.75,0.0
52683,2418.0,4804980.75,0.0
52685,2418.0,4804980.75,0.0
52687,2418.0,4804980.75,0.0
52693,2418.0,4804980.75,0.0
52696,2418.0,4804980.75,0.0
52720,2418.0,4804980.75,0.0
52786,2418.0,4804980.75,0.0
52788,2418.0,4804980.75,0.0
52838,2418.0,4804980.75,0.0
52885,2418.0,4804980.75,0.0
63001,2418.0,4804980.75,1.0
63111,2418.0,4804980.75,0.0
63190,2418.0,4804980.75,0.0
63212,2418.0,4804980.75,0.0
63272,2418.0,4804980.75,0.0
63401,2418.0,4804980.75,0.0
63470,2418.0,4804980.75,0.0
63548,2418.0,4804980.75,0.0
63594,2418.0,4804980.75,0.0
63690,2418.0,4804980.75,0.0
66001,2418.0,4804980.75,2.0
66045,2418.0,4804980.75,0.0
66075,2418.0,4804980.75,0.0
66170,2418.0,4804980.75,1.0
66318,2418.0,4804980.75,0.0
66383,2418.0,4804980.75,0.0
66400,2418.0,4804980.75,0.0
66440,2418.0,4804980.75,0.0
66456,2418.0,4804980.75,0.0
66572,2418.0,4804980.75,0.0
66594,2418.0,4804980.75,0.0
66687,2418.0,4804980.75,0.0
68001,2418.0,4804980.75,2.0
68013,2418.0,4804980.75,0.0
68020,2418.0,4804980.75,0.0
68051,2418.0,4804980.75,0.0
68077,2418.0,4804980.75,0.0
68079,2418.0,4804980.75,0.0
68081,2418.0,4804980.75,1.0
68092,2418.0,4804980.75,0.0
68101,2418.0,4804980.75,0.0
68121,2418.0,4804980.75,0.0
68132,2418.0,4804980.75,0.0
68152,2418.0,4804980.75,0.0
68160,2418.0,4804980.75,0.0
68162,2418.0,4804980.75,0.0
68167,2418.0,4804980.75,0.0
68169,2418.0,4804980.75,0.0
68179,2418.0,4804980.75,0.0
68190,2418.0,4804980.75,0.0
68207,2418.0,4804980.75,0.0
68209,2418.0,4804980.75,0.0
68211,2418.0,4804980.75,0.0
68217,2418.0,4804980.75,0.0
68229,2418.0,4804980.75,0.0
68245,2418.0,4804980.75,0.0
68255,2418.0,4804980.75,0.0
68264,2418.0,4804980.75,0.0
68266,2418.0,4804980.75,0.0
68271,2418.0,4804980.75,0.0
68276,2418.0,4804980.75,1.0
68296,2418.0,4804980.75,0.0
68298,2418.0,4804980.75,0.0
68307,2418.0,4804980.75,1.0
68318,2418.0,4804980.75,0.0
68320,2418.0,4804980.75,0.0
68322,2418.0,4804980.75,0.0
68324,2418.0,4804980.75,0.0
68327,2418.0,4804980.75,0.0
68368,2418.0,4804980.75,0.0
68370,2418.0,4804980.75,0.0
68377,2418.0,4804980.75,0.0
68385,2418.0,4804980.75,0.0
68397,2418.0,4804980.75,0.0
68406,2418.0,4804980.75,0.0
68418,2418.0,4804980.75,0.0
68425,2418.0,4804980.75,0.0
68432,2418.0,4804980.75,0.0
68444,2418.0,4804980.75,0.0
68464,2418.0,4804980.75,0.0
68468,2418.0,4804980.75,0.0
68498,2418.0,4804980.75,0.0
68500,2418.0,4804980.75,0.0
68502,2418.0,4804980.75,0.0
68522,2418.0,4804980.75,0.0
68533,2418.0,4804980.75,0.0
68547,2418.0,4804980.75,1.0
68549,2418.0,4804980.75,0.0
68572,2418.0,4804980.75,0.0
68615,2418.0,4804980.75,0.0
68669,2418.0,4804980.75,0.0
68679,2418.0,4804980.75,0.0
68682,2418.0,4804980.75,0.0
68686,2418.0,4804980.75,0.0
68705,2418.0,4804980.75,0.0
68745,2418.0,4804980.75,0.0
68755,2418.0,4804980.75,0.0
68770,2418.0,4804980.75,0.0
68773,2418.0,4804980.75,0.0
68780,2418.0,4804980.75,0.0
68820,2418.0,4804980.75,0.0
68861,2418.0,4804980.75,0.0
68867,2418.0,4804980.75,0.0
68872,2418.0,4804980.75,0.0
68895,2418.0,4804980.75,0.0
70001,2418.0,4804980.75,1.0
70110,2418.0,4804980.75,0.0
70124,2418.0,4804980.75,0.0
70204,2418.0,4804980.75,0.0
70221,2418.0,4804980.75,0.0
70230,2418.0,4804980.75,0.0
70233,2418.0,4804980.75,0.0
70235,2418.0,4804980.75,0.0
70265,2418.0,4804980.75,0.0
70400,2418.0,4804980.75,0.0
70418,2418.0,4804980.75,0.0
70429,2418.0,4804980.75,0.0
70473,2418.0,4804980.75,0.0
70508,2418.0,4804980.75,0.0
70523,2418.0,4804980.75,0.0
70678,2418.0,4804980.75,0.0
70708,2418.0,4804980.75,0.0
70713,2418.0,4804980.75,0.0
70717,2418.0,4804980.75,0.0
70771,2418.0,4804980.75,0.0
70823,2418.0,4804980.75,0.0
73024,2418.0,4804980.75,0.0
73026,2418.0,4804980.75,0.0
73030,2418.0,4804980.75,0.0
73055,2418.0,4804980.75,0.0
73067,2418.0,4804980.75,0.0
73124,2418.0,4804980.75,0.0
73168,2418.0,4804980.75,0.0
73200,2418.0,4804980.75,0.0
73217,2418.0,4804980.75,0.0
73226,2418.0,4804980.75,0.0
73236,2418.0,4804980.75,0.0
73268,2418.0,4804980.75,0.0
73270,2418.0,4804980.75,0.0
73275,2418.0,4804980.75,0.0
73283,2418.0,4804980.75,0.0
73319,2418.0,4804980.75,0.0
73347,2418.0,4804980.75,0.0
73349,2418.0,4804980.75,0.0
73352,2418.0,4804980.75,0.0
73443,2418.0,4804980.75,0.0
73449,2418.0,4804980.75,0.0
73461,2418.0,4804980.75,0.0
73483,2418.0,4804980.75,0.0
73504,2418.0,4804980.75,0.0
73520,2418.0,4804980.75,0.0
73547,2418.0,4804980.75,0.0
73555,2418.0,4804980.75,0.0
73563,2418.0,4804980.75,0.0
73585,2418.0,4804980.75,0.0
73616,2418.0,4804980.75,0.0
73622,2418.0,4804980.75,0.0
73624,2418.0,4804980.75,0.0
73671,2418.0,4804980.75,0.0
73686,2418.0,4804980.75,0.0
73861,2418.0,4804980.75,0.0
73870,2418.0,4804980.75,0.0
73873,2418.0,4804980.75,0.0
81065,2418.0,4804980.75,0.0
81220,2418.0,4804980.75,0.0
81300,2418.0,4804980.75,0.0
81591,2418.0,4804980.75,0.0
81736,2418.0,4804980.75,0.0
81794,2418.0,4804980.75,0.0
81001,2418.0,4804980.75,0.0
85001,2418.0,4804980.75,1.0
85010,2418.0,4804980.75,0.0
85015,2418.0,4804980.75,0.0
85125,2418.0,4804980.75,0.0
85136,2418.0,4804980.75,0.0
85162,2418.0,4804980.75,0.0
85263,2418.0,4804980.75,0.0
85279,2418.0,4804980.75,0.0
85300,2418.0,4804980.75,0.0
85315,2418.0,4804980.75,0.0
85410,2418.0,4804980.75,0.0
85430,2418.0,4804980.75,0.0
85440,2418.0,4804980.75,0.0
86001,2418.0,4804980.75,0.0
86219,2418.0,4804980.75,0.0
86320,2418.0,4804980.75,0.0
86569,2418.0,4804980.75,0.0
86571,2418.0,4804980.75,0.0
86573,2418.0,4804980.75,0.0
86749,2418.0,4804980.75,0.0
86755,2418.0,4804980.75,0.0
86757,2418.0,4804980.75,0.0
86760,2418.0,4804980.75,0.0
91001,2418.0,4804980.75,0.0
91263,2418.0,4804980.75,0.0
91405,2418.0,4804980.75,0.0
91407,2418.0,4804980.75,0.0
91430,2418.0,4804980.75,0.0
91536,2418.0,4804980.75,0.0
91540,2418.0,4804980.75,0.0
91669,2418.0,4804980.75,0.0
91798,2418.0,4804980.75,0.0
94343,2418.0,4804980.75,0.0
94663,2418.0,4804980.75,0.0
94883,2418.0,4804980.75,0.0
94885,2418.0,4804980.75,0.0
94887,2418.0,4804980.75,0.0
97001,2418.0,4804980.75,0.0
97161,2418.0,4804980.75,0.0
97666,2418.0,4804980.75,0.0
97777,2418.0,4804980.75,0.0
97889,2418.0,4804980.75,0.0
97511,2418.0,4804980.75,0.0
94888,2418.0,4804980.75,0.0
99001,2418.0,4804980.75,0.0
99524,2418.0,4804980.75,0.0
99624,2418.0,4804980.75,0.0
99773,2418.0,4804980.75,0.0
18610,2418.0,4804980.75,0.0
50110,2418.0,4804980.75,0.0
68524,2418.0,4804980.75,0.0
25662,2418.0,4804980.75,0.0
8372,2418.0,4804980.75,0.0
50287,2418.0,4804980.75,0.0
85325,2418.0,4804980.75,0.0
27250,2418.0,4804980.75,0.0
25843,2418.0,4804980.75,0.0
13074,2418.0,4804980.75,0.0
15816,2418.0,4804980.75,0.0
13688,2418.0,4804980.75,0.0
27135,2418.0,4804980.75,0.0
15407,2418.0,4804980.75,0.0
47692,2418.0,4804980.75,0.0
15537,2418.0,4804980.75,0.0
13300,2418.0,4804980.75,0.0
47660,2418.0,4804980.75,0.0
95015,2418.0,4804980.75,0.0
20614,2418.0,4804980.75,0.0
5665,2418.0,4804980.75,0.0
95001,2418.0,4804980.75,0.0
15693,2418.0,4804980.75,0.0
19698,2418.0,4804980.75,1.0
95200,2418.0,4804980.75,0.0
5042,2418.0,4804980.75,0.0
50680,2418.0,4804980.75,0.0
8520,2418.0,4804980.75,0.0
5686,2418.0,4804980.75,0.0
5647,2418.0,4804980.75,0.0
73854,2418.0,4804980.75,0.0
68689,2418.0,4804980.75,0.0
68684,2418.0,4804980.75,0.0
66682,2418.0,4804980.75,0.0
25328,2418.0,4804980.75,0.0
18094,2418.0,4804980.75,0.0
85250,2418.0,4804980.75,0.0
68720,2418.0,4804980.75,0.0
15681,2418.0,4804980.75,0.0
44420,2418.0,4804980.75,0.0
20400,2418.0,4804980.75,0.0
70742,2418.0,4804980.75,0.0
15667,2418.0,4804980.75,0.0
13244,2418.0,4804980.75,0.0
27245,2418.0,4804980.75,0.0
70702,2418.0,4804980.75,0.0
47545,2418.0,4804980.75,0.0
5873,2418.0,4804980.75,0.0
13667,2418.0,4804980.75,0.0
13030,2418.0,4804980.75,0.0
73148,2418.0,4804980.75,0.0
25645,2418.0,4804980.75,0.0
68655,2418.0,4804980.75,0.0
95025,2418.0,4804980.75,0.0
23682,2418.0,4804980.75,0.0
52694,2418.0,4804980.75,0.0
8137,2418.0,4804980.75,0.0
50683,2418.0,4804980.75,0.0
5658,2418.0,4804980.75,0.0
18150,2418.0,4804980.75,0.0
27660,2418.0,4804980.75,0.0
25001,2418.0,4804980.75,0.0
13655,2418.0,4804980.75,0.0
41668,2418.0,4804980.75,0.0
52258,2418.0,4804980.75,0.0
15664,2418.0,4804980.75,0.0
86865,2418.0,4804980.75,0.0
13670,2418.0,4804980.75,0.0
70820,2418.0,4804980.75,0.0
11001,2418.0,4804980.75,25.0
25154,2418.0,4804980.75,0.0
23189,2418.0,4804980.75,0.0
5659,2418.0,4804980.75,0.0
44650,2418.0,4804980.75,0.0
68235,2418.0,4804980.75,0.0
5148,2418.0,4804980.75,0.0
66088,2418.0,4804980.75,0.0
27086,2418.0,4804980.75,0.0
68855,2418.0,4804980.75,0.0
73678,2418.0,4804980.75,0.0
15676,2418.0,4804980.75,0.0
73675,2418.0,4804980.75,0.0
68673,2418.0,4804980.75,0.0
25862,2418.0,4804980.75,0.0
23678,2418.0,4804980.75,0.0
91530,2418.0,4804980.75,0.0
68344,2418.0,4804980.75,0.0
13654,2418.0,4804980.75,0.0
19693,2418.0,4804980.75,0.0
5649,2418.0,4804980.75,0.0
15837,2418.0,4804980.75,0.0
54743,2418.0,4804980.75,0.0
54125,2418.0,4804980.75,0.0
76250,2418.0,4804980.75,0.0
54820,2418.0,4804980.75,0.0
76622,2418.0,4804980.75,0.0
54480,2418.0,4804980.75,0.0
76054,2418.0,4804980.75,0.0
54261,2418.0,4804980.75,0.0
54660,2418.0,4804980.75,0.0
76736,2418.0,4804980.75,0.0
76895,2418.0,4804980.75,0.0
54223,2418.0,4804980.75,0.0
76248,2418.0,4804980.75,0.0
76147,2418.0,4804980.75,1.0
76122,2418.0,4804980.75,0.0
54553,2418.0,4804980.75,0.0
54313,2418.0,4804980.75,0.0
76246,2418.0,4804980.75,0.0
54250,2418.0,4804980.75,0.0
76400,2418.0,4804980.75,0.0
76606,2418.0,4804980.75,0.0
54800,2418.0,4804980.75,0.0
76233,2418.0,4804980.75,0.0
54051,2418.0,4804980.75,0.0
76318,2418.0,4804980.75,0.0
54418,2418.0,4804980.75,0.0
76041,2418.0,4804980.75,0.0
54099,2418.0,4804980.75,0.0
76113,2418.0,4804980.75,0.0
54206,2418.0,4804980.75,0.0
54344,2418.0,4804980.75,0.0
76403,2418.0,4804980.75,0.0
54347,2418.0,4804980.75,0.0
76306,2418.0,4804980.75,0.0
76892,2418.0,4804980.75,0.0
76497,2418.0,4804980.75,0.0
54810,2418.0,4804980.75,0.0
54673,2418.0,4804980.75,0.0
54670,2418.0,4804980.75,0.0
76100,2418.0,4804980.75,0.0
54398,2418.0,4804980.75,0.0
76001,2418.0,4804980.75,8.0
76670,2418.0,4804980.75,0.0
76111,2418.0,4804980.75,1.0
54172,2418.0,4804980.75,0.0
54599,2418.0,4804980.75,0.0
54385,2418.0,4804980.75,0.0
54874,2418.0,4804980.75,0.0
54174,2418.0,4804980.75,0.0
76126,2418.0,4804980.75,0.0
54720,2418.0,4804980.75,0.0
76036,2418.0,4804980.75,0.0
76563,2418.0,4804980.75,0.0
54003,2418.0,4804980.75,0.0
54405,2418.0,4804980.75,0.0
54498,2418.0,4804980.75,1.0
54109,2418.0,4804980.75,0.0
76890,2418.0,4804980.75,0.0
76520,2418.0,4804980.75,1.0
76616,2418.0,4804980.75,0.0
54680,2418.0,4804980.75,0.0
76020,2418.0,4804980.75,0.0
76863,2418.0,4804980.75,0.0
54377,2418.0,4804980.75,0.0
54128,2418.0,4804980.75,0.0
54871,2418.0,4804980.75,0.0
54239,2418.0,4804980.75,0.0
76243,2418.0,4804980.75,0.0
76823,2418.0,4804980.75,0.0
76130,2418.0,4804980.75,0.0
76377,2418.0,4804980.75,0.0
76845,2418.0,4804980.75,0.0
76828,2418.0,4804980.75,0.0
76869,2418.0,4804980.75,0.0
68176,2418.0,4804980.75,0.0
70670,2418.0,4804980.75,0.0
85225,2418.0,4804980.75,0.0
54518,2418.0,4804980.75,0.0
25019,2418.0,4804980.75,0.0
23466,2418.0,4804980.75,0.0
86568,2418.0,4804980.75,0.0
70215,2418.0,4804980.75,0.0
52110,2418.0,4804980.75,0.0
85139,2418.0,4804980.75,0.0
13268,2418.0,4804980.75,0.0
76834,2418.0,4804980.75,1.0
73152,2418.0,4804980.75,0.0
25040,2418.0,4804980.75,0.0
25175,2418.0,4804980.75,1.0
52835,2418.0,4804980.75,1.0
18460,2418.0,4804980.75,0.0
68147,2418.0,4804980.75,0.0
73043,2418.0,4804980.75,0.0
76275,2418.0,4804980.75,0.0
8606,2418.0,4804980.75,0.0
5284,2418.0,4804980.75,0.0
25258,2418.0,4804980.75,0.0
54520,2418.0,4804980.75,0.0
91460,2418.0,4804980.75,0.0
85400,2418.0,4804980.75,0.0
15806,2418.0,4804980.75,0.0
19517,2418.0,4804980.75,0.0
73001,2418.0,4804980.75,2.0
8573,2418.0,4804980.75,0.0
52083,2418.0,4804980.75,0.0
25758,2418.0,4804980.75,0.0
27150,2418.0,4804980.75,0.0
25299,2418.0,4804980.75,0.0
25718,2418.0,4804980.75,0.0
52240,2418.0,4804980.75,0.0
54001,2418.0,4804980.75,3.0
13001,2418.0,4804980.75,3.0
5313,2418.0,4804980.75,0.0
47720,2418.0,4804980.75,0.0
13442,2418.0,4804980.75,0.0
18410,2418.0,4804980.75,0.0
18753,2418.0,4804980.75,0.0
68250,2418.0,4804980.75,0.0
5364,2418.0,4804980.75,0.0
76364,2418.0,4804980.75,1.0
27787,2418.0,4804980.75,0.0
85230,2418.0,4804980.75,0.0
73411,2418.0,4804980.75,0.0
25885,2418.0,4804980.75,0.0
63130,2418.0,4804980.75,0.0
5756,2418.0,4804980.75,0.0
54245,2418.0,4804980.75,0.0
73408,2418.0,4804980.75,0.0
23350,2418.0,4804980.75,0.0
13620,2418.0,4804980.75,0.0
25290,2418.0,4804980.75,1.0
13894,2418.0,4804980.75,0.0
15403,2418.0,4804980.75,0.0
25899,2418.0,4804980.75,1.0
63302,2418.0,4804980.75,0.0
73770,2418.0,4804980.75,0.0
50150,2418.0,4804980.75,0.0
15087,2418.0,4804980.75,0.0
27810,2418.0,4804980.75,0.0
47570,2418.0,4804980.75,0.0
86885,2418.0,4804980.75,0.0
25269,2418.0,4804980.75,1.0
23580,2418.0,4804980.75,0.0
17444,2418.0,4804980.75,0.0
52051,2418.0,4804980.75,0.0
76109,2418.0,4804980.75,1.0
47189,2418.0,4804980.75,1.0
8560,2418.0,4804980.75,0.0
