Divipola,Poblacion_2034
5001,2019931.8593344043
5002,21297.0
5004,2841.0
5021,4912.0
5030,32142.0
5031,27637.0
5034,45796.0
5036,6082.0
5038,12005.0
5040,19527.0
15832,1627.0
5044,7433.0
5045,130362.0
5051,31853.0
5055,7975.0
5059,5358.0
5079,55649.0
5088,390778.8593344044
5091,10808.0
5093,16485.0
5101,27458.0
5107,8473.0
5113,9925.0
5120,30925.0
5125,8798.0
5129,85385.0
5134,9671.0
5138,16256.0
5142,4781.0
5145,4907.0
5147,51777.0
15476,5946.0
5150,4174.0
5154,97025.0
5172,61741.0
5190,10326.0
5197,16390.0
5206,5020.0
5209,22540.0
5212,83559.0
5234,24377.0
5237,20198.0
5240,12713.0
5250,55845.0
5264,11982.0
5266,246327.0
5282,25764.0
23675,39715.0
5306,5899.0
5308,55483.0
5310,10300.0
27361,30206.28205128205
5315,6926.0
5318,59226.0
5321,8945.0
5347,5682.0
5353,5790.0
5360,296953.0
5361,28634.0
5086,6356.0
5368,14344.0
5376,69831.0
5380,76971.0
5390,8571.0
5400,22870.0
5411,10556.0
5425,8646.0
5440,69343.0
5467,6973.0
5475,5263.0
5480,14904.0
5483,10723.0
5490,45151.0
5495,27705.0
5501,3292.0
5541,22410.0
5543,8585.0
5576,9124.0
5579,41857.0
5585,15124.0
5591,19387.0
5604,30277.0
5607,25227.0
5615,145704.0
5628,9592.0
5631,88966.0
5642,19153.0
15189,4894.0
52699,11297.0
5652,5945.0
5656,16368.0
68575,35451.2
68573,7914.0
5660,13690.0
5664,23409.0
5667,16489.0
5670,22775.0
5674,23349.0
5679,27647.0
5690,12970.0
5697,37801.0
5736,40602.0
5761,15949.0
50370,9989.0
5789,17029.0
5790,28874.0
5792,6510.0
5809,11259.0
5819,5225.0
5837,133430.0
5842,7211.0
5847,31885.0
5854,14596.0
5856,6876.0
5858,12453.0
5861,12208.0
5885,8026.0
5887,44102.0
5890,23825.0
5893,20572.0
5895,25989.0
8001,1323551.0
8078,69143.0
8141,17595.0
8296,68011.0
8421,30955.0
8433,142728.0
8436,21704.0
8549,7284.0
8558,20038.0
8634,36003.0
8638,103394.0
8675,17782.0
8685,33058.0
8758,423017.8593344044
8770,13085.0
8832,19132.0
8849,13573.0
13006,26859.63333333333
13042,7937.0
13052,75429.0
13062,8762.0
13140,24575.0
13160,9019.0
13188,14652.0
13212,17408.0
13222,16081.0
13248,9404.0
13430,145035.0
13433,30104.0
13440,11710.0
13458,18243.0
13468,48385.0
13473,24596.0
13490,10758.0
13549,25478.153846153848
13580,7502.0
13600,11436.0
13647,19816.0
13650,13725.0
13657,40020.0
13673,15889.0
13683,22736.0
13744,19902.0
13760,11585.0
13780,13835.1
13810,19500.0
13836,114716.0
13838,17776.0
13873,25795.0
15001,185469.0
15022,2030.0
15047,16319.0
15051,6265.0
15090,1664.0
15092,2047.0
15097,5368.0
15104,5392.0
15106,2297.0
15109,4626.0
15114,1202.0
15131,3296.0
15135,3259.0
15162,3912.0
15172,3373.0
15176,60138.0
15180,4155.0
15183,8317.0
15185,6185.0
15187,2960.0
15204,13896.0
15212,3798.0
15215,2662.0
15218,2904.0
15223,11175.0
15224,3980.0
15226,1899.0
15232,4971.0
15236,2640.0
15238,131591.0
15244,4377.0
15248,3217.0
15272,7109.0
15276,3422.0
15293,2939.0
15296,5112.0
15299,19208.0
15317,1952.0
15322,11400.0
15325,3501.0
15332,4492.0
15362,2078.0
15367,7666.0
15368,4133.0
15377,3685.0
15380,2821.0
15401,1177.0
15425,5295.0
15442,6016.0
15455,9400.0
15464,4886.0
15466,4453.0
15469,24083.0
15480,9016.0
15491,17167.0
15494,5431.0
15500,3007.0
15507,8541.0
15511,2573.0
15514,3433.0
15516,36078.0
15518,2527.0
15522,1794.0
15531,7546.0
15533,2763.0
15542,7116.0
15550,1859.0
15572,50160.0
15580,5209.0
15599,10542.0
15600,8441.0
15621,2513.0
15632,14471.0
15638,5868.0
15646,19645.0
15660,1755.0
15673,3526.0
15686,8088.0
15690,3687.0
15696,3374.0
15720,2293.0
15723,1150.0
15740,7124.0
15753,9423.0
15755,7627.0
15757,8432.0
15759,136391.0
15761,3048.0
15762,3210.0
15763,8710.0
15764,6352.0
15774,2830.0
15776,6532.0
15778,4469.0
15790,6170.0
15798,4064.0
15804,9575.0
15808,3496.0
15810,3495.0
15814,9329.0
15820,3832.0
15822,5502.0
15835,6455.0
15839,2142.0
15842,7954.0
15861,16856.0
15879,2985.0
15897,4896.0
17001,454494.0
17013,23403.0
17042,37366.0
17050,10792.0
17088,10894.0
17174,53317.0
17272,11662.0
17380,75043.0
17388,6268.0
17433,18655.0
17442,9255.0
17446,2700.0
17486,21543.0
17495,6123.0
17513,15680.0
17524,15978.0
17541,20242.0
17614,53746.0
17616,11267.0
17653,19959.0
17662,21292.0
17665,4904.0
17777,29856.0
17867,10462.0
17873,68601.0
17877,13155.0
18001,177946.0
18029,4775.0
18205,8051.0
18247,20195.0
18256,19137.0
18479,3905.0
18592,27683.0
18756,12020.0
18785,6352.0
18860,7291.0
19001,339454.0
19022,19450.0
19050,27823.0
19075,22395.0
19100,39359.0
19110,35168.0
19130,44527.0
19137,42815.0
19142,33216.4358974359
19212,26810.0
19256,57126.0
19290,5442.0
19300,20401.0
19318,29207.0
19355,30794.0
19364,19101.0
19392,11286.0
19397,26020.0
19418,19749.0
19450,22527.74358974359
19455,33395.0
19473,41591.0
19513,10510.0
19532,38968.0
19533,9715.0
19548,43495.0
19573,44134.0
19585,18428.0
19622,12142.0
19701,5639.0
19743,39977.0
19760,14856.0
19780,33762.0
19785,9936.0
19807,37682.0
19809,27822.0
19821,37166.0
19824,26336.0
19845,21935.0
20001,368338.8593344044
20011,126377.0
20013,69759.0
20032,18566.5641025641
20045,24797.0
20060,46093.0
20175,29224.25641025641
20178,31771.0
20228,42836.0
20238,34418.0
20250,42960.0
20295,17143.0
20310,4819.0
20383,19644.0
20443,11577.0
20517,21284.0
20550,23779.0
20570,30844.0
20621,31829.0
20710,30145.0
20750,16841.51282051282
20770,30559.0
20787,17372.9
23001,523150.0
23068,48756.0
23079,22596.0
23090,16404.0
23162,113128.0
23168,18854.0
23182,51195.0
23300,20353.0
23417,117557.0
23419,20164.0
23464,20925.0
23500,32131.0
23555,68231.0
23570,38306.0
23574,25503.0
23586,18411.0
23660,115097.0
23670,49344.35897435898
23672,36284.0
23686,54610.0
23807,98557.2
23815,56666.0
23855,38202.0
25035,17161.0
25053,12201.0
25086,2079.0
25095,2816.0
25099,11830.0
25120,5504.0
25123,11615.0
25126,98441.0
25148,14364.0
25151,19886.0
25168,4810.0
25178,11011.0
25181,12721.0
25183,24144.0
25200,26055.0
25214,39070.0
25224,8900.0
25245,28185.0
25260,25330.0
25279,13959.0
25281,6643.0
25286,111675.0
25288,5659.0
25293,4990.0
25295,20142.0
25297,9583.0
25307,119446.0
25312,8122.2
25317,15528.0
25320,35904.0
25322,17989.0
25324,3329.0
25326,7382.0
25335,7326.0
25339,3932.0
25368,2592.0
25372,6630.0
25377,35317.0
25386,38759.0
25394,10823.0
25398,6756.0
25402,20025.0
25407,11753.0
25426,6963.0
25430,134736.0
25436,4234.0
25438,9093.0
25473,151244.0
25483,2741.0
25486,15588.0
25488,12746.0
25489,4138.0
25491,7074.0
25506,4877.0
25513,28412.0
25518,4742.0
25524,5792.0
25530,9851.0
25535,10525.0
25572,18181.0
25580,3830.0
25592,5397.0
25594,5855.0
25596,7143.0
25599,9561.0
25612,15324.0
25649,9723.0
25653,5549.0
25658,12685.0
25736,13506.0
25740,39761.0
25743,25347.0
25745,15149.0
25754,328537.8593344044
25769,17544.0
25772,20120.0
25777,6040.0
25779,7508.0
25781,6923.0
25785,25692.0
25793,9423.0
25797,11214.0
25799,26012.0
25805,5008.0
25807,3633.0
25815,18304.0
25817,46918.0
25823,4704.0
25839,8720.0
25841,7729.0
25845,8073.0
25851,4906.0
25867,5078.0
25871,2018.0
25873,20062.0
25875,31632.0
25878,15255.0
25898,5445.0
27001,142184.0
27025,30748.0
27050,6585.7
27073,9628.76923076923
27075,11291.0
27077,33373.0
27099,13479.0
27160,6088.0
27205,13652.0
27372,7408.0
27413,10316.712500000001
27425,12668.0
27430,16632.0
27450,11578.0
27491,10108.2
27495,17954.0
27580,5788.0
27600,8996.0
27615,62137.0
27745,3554.0
27800,14285.0
41001,380019.0
41006,26773.0
41013,9408.0
41016,17322.0
41020,24044.0
41026,4557.0
41078,8865.0
41132,33102.0
41206,7693.0
41244,4532.0
41298,77794.0
41306,26304.0
41319,19266.0
41349,7757.0
41357,9939.0
41359,27197.0
41378,13884.0
41396,65676.0
41483,6950.0
41503,12537.0
41518,7078.0
41524,28245.0
41530,12077.0
41548,14791.0
41551,134110.0
41615,26153.0
41660,11265.0
41676,11173.0
41770,23562.0
41791,18783.0
41797,11475.0
41799,12572.0
41801,8605.0
41807,23395.0
41872,7782.0
41885,8218.0
44001,222541.0
44035,35116.0
44078,27455.153846153848
44090,45876.0
44098,15317.0
44110,8441.0
44279,50242.0
44378,23911.0
44430,200136.0
44560,97010.0
44847,192278.0
44855,12578.0
44874,33115.0
47001,386884.8593344044
47030,17549.0
47053,44857.0
47058,33688.0
47161,11146.0
47170,24624.0
47205,11731.0
47245,73253.0
47258,25382.0
47268,17757.571428571428
47288,74175.0
47318,29782.7
47460,22104.0
47541,10411.0
47551,41612.0
47555,69707.0
47605,12766.0
47675,11986.0
47703,13286.0
47707,27616.0
47745,30470.0
47798,14736.0
47960,10904.0
47980,76962.0
50001,385720.8593344044
50006,95500.0
50124,6554.0
50223,5964.897435897436
50226,24858.0
50245,1870.0
50251,9251.846153846154
50270,4284.0
50313,75007.0
50318,15361.0
50325,7002.588235294118
50330,12097.7
50350,28920.0
50400,12302.9
50450,8956.2
50568,45511.0
50573,33079.0
50577,11300.0
50590,13663.0
50606,19890.0
50686,1385.0
50689,29399.0
50711,19112.0
52001,351448.6153846154
52019,12726.076923076924
52022,7734.0
52036,9056.0
52079,58292.0
52203,8829.0
52207,14400.0
52210,7578.0
52215,16223.0
52224,9618.0
52227,38599.0
52233,6152.0
52250,23099.0
52254,7734.0
52256,12843.0
52260,14811.0
52287,7486.0
52317,20338.0
52320,11921.0
52323,7352.0
52352,7954.0
52354,7937.0
52356,120842.0
52378,19421.0
52381,10465.0
52385,6636.0
52390,7661.0
52399,33262.0
52405,10144.0
52411,10510.0
52418,9766.0
52427,25981.0
52435,9396.0
52473,12547.0
52480,4541.0
52490,26280.0
52506,7393.0
52520,14861.0
52540,10314.0
52560,10719.0
52565,5796.0
52573,8854.0
52585,18164.0
52612,20581.0
52621,13249.0
52678,29936.0
52683,21244.0
52685,9584.0
52687,19280.0
52693,15838.0
52696,14060.0
52720,7633.0
52786,18511.0
52788,14058.0
52838,43184.02564102564
52885,11404.0
63001,307886.0
63111,3220.0
63190,29500.0
63212,5888.0
63272,12596.0
63401,35010.0
63470,38240.0
63548,5439.0
63594,31844.0
63690,9748.0
66001,481768.0
66045,12613.0
66075,6510.0
66170,225540.0
66318,12423.0
66383,7642.0
66400,28488.0
66440,17208.0
66456,17527.0
66572,16753.0
66594,27890.0
66687,12826.0
68001,614860.0
68013,1938.0
68020,4263.0
68051,8678.0
68077,32861.0
68079,11092.0
68081,214571.0
68092,6241.0
68101,18301.71794871795
68121,2022.0
68132,2246.0
68152,4427.0
68160,2100.0
68162,7062.0
68167,12734.0
68169,3007.0
68179,5309.0
68190,35464.0
68207,6016.0
68209,3235.0
68211,3834.0
68217,5250.0
68229,13227.0
68245,2266.0
68255,14107.0
68264,2717.0
68266,3629.0
68271,6021.0
68276,336155.0
68296,3005.0
68298,4190.0
68307,174465.0
68318,6243.0
68320,4719.0
68322,2482.0
68324,4433.0
68327,5353.0
68368,3417.0
68370,1394.0
68377,6624.0
68385,10624.0
68397,5204.0
68406,45667.0
68418,15371.0
68425,2245.0
68432,21586.0
68444,5305.0
68464,10788.0
68468,4277.0
68498,6164.0
68500,11038.0
68502,4264.0
68522,1502.0
68533,4901.0
68547,190712.0
68549,5485.0
68572,15450.0
68615,26924.0
68669,9083.0
68679,63009.0
68682,2301.0
68686,2661.0
68705,2496.0
68745,10706.0
68755,35604.0
68770,10592.0
68773,10497.25641025641
68780,4110.0
68820,7602.0
68861,26109.0
68867,2322.0
68872,8740.0
68895,9925.0
70001,310456.0
70110,11231.0
70124,16966.0
70204,9325.0
70221,20811.5
70230,4786.0
70233,10299.0
70235,24257.0
70265,18955.0
70400,14282.0
70418,24638.0
70429,41601.0
70473,16360.0
70508,23862.0
70523,16224.0
70678,30950.0
70708,61679.0
70713,56256.0
70717,20065.0
70771,32573.0
70823,23099.0
73024,4693.0
73026,9277.0
73030,6874.0
73055,13473.0
73067,19985.0
73124,19312.0
73168,54452.0
73200,8498.0
73217,23498.0
73226,8762.0
73236,8606.0
73268,74810.0
73270,7933.0
73275,30135.0
73283,32011.0
73319,34681.0
73347,7657.0
73349,25997.0
73352,12542.0
73443,39314.0
73449,38016.0
73461,4451.0
73483,14852.0
73504,34690.0
73520,9718.0
73547,7034.0
73555,27293.0
73563,8777.0
73585,23963.0
73616,23293.0
73622,5625.0
73624,22360.0
73671,14882.0
73686,5784.0
73861,13217.0
73870,9720.0
73873,5192.0
81065,62499.0
81220,4510.0
81300,23867.0
81591,5186.0
81736,64236.0
81794,53406.0
81001,99393.0
85001,191133.0
85010,40528.0
85015,2504.0
85125,13627.0
85136,1410.0
85162,19180.0
85263,12681.0
85279,1569.0
85300,3995.0
85315,2333.0
85410,26381.0
85430,14910.0
85440,39610.0
86001,39675.89743589744
86219,5800.0
86320,40478.0
86569,16823.0
86571,38076.0
86573,32274.0
86749,16733.0
86755,6244.0
86757,20997.0
86760,7753.0
91001,54110.0
91263,2119.0
91405,3162.0
91407,4192.0
91430,685.0
91536,1089.0
91540,10772.0
91669,1921.0
91798,4314.0
94343,10815.0
94663,1048.0
94883,1963.0
94885,322.0
94887,2263.0
97001,34037.0
97161,3497.0
97666,2543.0
97777,802.0
97889,1200.0
97511,4698.0
94888,1024.0
99001,22218.0
99524,10992.0
99624,4555.0
99773,85539.0
18610,13711.0
50110,7079.0
68524,2622.0
25662,9388.0
8372,23357.0
50287,13163.0
85325,8877.0
27250,24967.0
25843,50581.0
13074,15331.02564102564
15816,4582.0
13688,35854.0
27135,6783.0
15407,17466.0
47692,22080.0
15537,4472.0
13300,13176.0
47660,17458.0
95015,11282.0
20614,19252.0
5665,32895.0
95001,46399.717948717946
15693,13989.0
19698,116885.0
95200,7947.0
5042,27831.0
50680,13433.0
8520,32082.0
5686,38748.0
5647,7598.0
73854,5505.0
68689,36272.0
68684,4429.0
66682,79840.0
25328,5150.0
18094,11467.0
85250,40354.0
68720,3548.0
15681,7027.0
44420,4072.0
20400,53557.0
70742,33046.0
15667,5810.0
13244,75923.0
27245,9121.0
70702,14306.0
47545,13498.0
5873,9681.0
13667,22382.871794871793
13030,12060.0
73148,11141.0
25645,10926.76923076923
68655,34690.0
95025,16984.0
23682,14521.4
52694,7100.0
8137,24850.0
50683,9798.1
5658,3867.0
18150,32611.0
27660,5597.0
25001,13638.0
13655,11024.0
41668,35550.0
52258,15009.0
15664,5274.0
86865,35593.0
13670,23260.94871794872
70820,34472.0
11001,6616514.859334405
25154,8721.0
23189,63134.0
5659,21540.0
44650,54858.0
68235,22419.0
5148,63761.0
66088,25276.0
27086,17954.0
68855,6379.0
73678,13441.0
15676,3167.0
73675,13429.0
68673,3055.0
25862,7805.0
23678,28939.0
91530,782.0
68344,2415.0
13654,25702.0
19693,11619.0
5649,16838.0
15837,8839.0
54743,7010.3
54125,3153.0
76250,9177.0
54820,17560.0
76622,37667.0
54480,4805.0
76054,5533.0
54261,30568.0
54660,11514.8
76736,43635.0
76895,43112.0
54223,8573.76923076923
76248,57849.0
76147,142902.0
76122,29542.0
54553,9817.0
54313,8244.9
76246,7021.0
54250,23344.0
76400,34704.0
76606,16487.0
54800,15405.205128205129
76233,49658.0
54051,10861.8
76318,35378.0
54418,4499.0
76041,18270.0
54099,9309.0
76113,26020.0
54206,20994.0
54344,9750.461538461539
76403,12475.0
54347,7790.0
76306,24996.0
76892,108774.0
76497,12615.0
54810,44718.53846153846
54673,8049.0
54670,12645.74358974359
76100,16412.0
54398,7661.076923076923
76001,2069047.8593344043
76670,18081.0
76111,133322.0
54172,19606.1
54599,6704.0
54385,13048.0
54874,115364.0
54174,11050.948717948719
76126,19348.0
54720,23886.97435897436
76036,22990.0
76563,49297.0
54003,32111.53846153846
54405,102949.0
54498,134379.0
54109,7171.9
76890,16426.0
76520,358895.0
76616,15950.0
54680,3839.0
76020,14825.0
76863,7438.0
54377,7088.8
54128,13230.97435897436
54871,5700.0
54239,5139.0
76243,9137.0
76823,14974.0
76130,93932.0
76377,17280.0
76845,5795.0
76828,19701.0
76869,13251.0
68176,2977.0
70670,52591.0
85225,9809.0
54518,56451.0
25019,7494.0
23466,68052.2564102564
86568,50776.692307692305
70215,70591.0
52110,24905.0
85139,18038.0
13268,8060.0
76834,231962.0
73152,6412.0
25040,16059.0
25175,158258.0
52835,265599.0
18460,10256.0
68147,5687.0
73043,10516.0
76275,58399.0
8606,28780.0
5284,21737.0
25258,5327.0
54520,6153.1
91460,1910.0
85400,6992.0
15806,13925.0
19517,49137.0
73001,542046.0
8573,54983.0
52083,6621.0
25758,30780.0
27150,21814.0
25299,3556.0
25718,10016.538461538461
52240,15860.0
54001,806378.0
13001,826819.8593344045
5313,10700.0
47720,11606.0
13442,50463.0
18410,15503.0
18753,54150.0
68250,5337.004761904762
5364,15400.0
76364,180917.0
27787,19822.0
85230,13844.0
73411,37886.0
25885,13995.0
63130,75979.0
5756,38203.0
54245,14892.0
73408,18712.0
23350,15671.0
13620,8676.0
25290,165143.0
13894,12795.0
15403,3184.0
25899,155618.0
63302,7726.0
73770,3919.0
50150,15683.0
15087,7914.0
27810,7364.0
47570,33789.0
86885,26710.0
25269,166588.0
23580,45050.0
17444,13627.0
52051,9045.0
76109,323360.0
47189,132157.0
8560,26463.0
